-- phpMyAdmin SQL Dump
-- version 4.1.14
-- http://www.phpmyadmin.net
--
-- Host: 127.0.0.1
-- Generation Time: Mar 27, 2017 at 12:17 PM
-- Server version: 5.6.17
-- PHP Version: 5.5.12

SET SQL_MODE = "NO_AUTO_VALUE_ON_ZERO";
SET time_zone = "+00:00";


/*!40101 SET @OLD_CHARACTER_SET_CLIENT=@@CHARACTER_SET_CLIENT */;
/*!40101 SET @OLD_CHARACTER_SET_RESULTS=@@CHARACTER_SET_RESULTS */;
/*!40101 SET @OLD_COLLATION_CONNECTION=@@COLLATION_CONNECTION */;
/*!40101 SET NAMES utf8 */;

--
-- Database: `bookcity`
--

-- --------------------------------------------------------

--
-- Table structure for table `admins`
--

CREATE TABLE IF NOT EXISTS `admins` (
  `admin_id` int(11) NOT NULL AUTO_INCREMENT,
  `Name` varchar(50) NOT NULL,
  `username` varchar(50) NOT NULL,
  `password` varchar(200) NOT NULL,
  `type` varchar(5) NOT NULL,
  `inactive` tinyint(1) NOT NULL,
  PRIMARY KEY (`admin_id`)
) ENGINE=InnoDB  DEFAULT CHARSET=utf8 AUTO_INCREMENT=6 ;

--
-- Dumping data for table `admins`
--

INSERT INTO `admins` (`admin_id`, `Name`, `username`, `password`, `type`, `inactive`) VALUES
(1, 'Super Admin', 'super_admin', '0192023a7bbd73250516f069df18b500', 'SA', 0),
(2, 'Patrick Dale', 'dalerugs', '29a673ce0a8e68c6cd6b13553bb61539', 'A', 0),
(4, 'John Rafael', 'jrafael', '13f5fe3cb2201568335910fcc60c353f', 'A', 0),
(5, 'Rosselou Galvez', 'rgalvez', '19d3d683b549b3e4ec6f4ca6e45e3b7e', 'A', 0);

-- --------------------------------------------------------

--
-- Table structure for table `admin_login`
--

CREATE TABLE IF NOT EXISTS `admin_login` (
  `id` int(11) NOT NULL,
  `token` varchar(35) NOT NULL,
  PRIMARY KEY (`id`)
) ENGINE=InnoDB DEFAULT CHARSET=utf8;

--
-- Dumping data for table `admin_login`
--

INSERT INTO `admin_login` (`id`, `token`) VALUES
(1, '5fl208l0k5vput3h8aj6s5x4wjf7l1sr');

-- --------------------------------------------------------

--
-- Table structure for table `auction_details`
--

CREATE TABLE IF NOT EXISTS `auction_details` (
  `auction_id` int(10) unsigned NOT NULL AUTO_INCREMENT,
  `book_id` int(10) unsigned NOT NULL,
  `start_price` float NOT NULL,
  `fixed_increment` float NOT NULL,
  `auction_status` tinyint(1) NOT NULL,
  `bid_price` float NOT NULL,
  `highest_bidder` varchar(50) NOT NULL,
  `bid_counter` int(11) NOT NULL,
  `highest_bidder_id` int(11) NOT NULL,
  `inactive` tinyint(1) NOT NULL,
  `user_id` int(11) NOT NULL,
  PRIMARY KEY (`auction_id`)
) ENGINE=InnoDB  DEFAULT CHARSET=utf8 AUTO_INCREMENT=16 ;

--
-- Dumping data for table `auction_details`
--

INSERT INTO `auction_details` (`auction_id`, `book_id`, `start_price`, `fixed_increment`, `auction_status`, `bid_price`, `highest_bidder`, `bid_counter`, `highest_bidder_id`, `inactive`, `user_id`) VALUES
(1, 1, 0, 0, 1, 0, '', 0, 0, 1, 2),
(2, 2, 500, 50, 0, 600, 'Rodrigo Duterte', 7, 4, 0, 1),
(3, 3, 500, 200, 0, 500, 'Anonymous', 1, 1, 1, 2),
(4, 4, 0, 0, 0, 0, '', 0, 0, 1, 3),
(5, 5, 0, 0, 0, 0, '', 0, 0, 1, 1),
(6, 6, 0, 0, 0, 0, '', 0, 0, 1, 1),
(7, 7, 300, 70, 0, 0, '', 0, 0, 1, 1),
(8, 8, 850, 150, 2, 1150, 'Franz Henschel Esguerra', 4, 3, 1, 3),
(9, 9, 0, 0, 0, 0, '', 0, 0, 1, 2),
(10, 10, 0, 0, 0, 0, '', 0, 0, 1, 3),
(11, 11, 0, 0, 0, 0, '', 0, 0, 1, 3),
(12, 12, 0, 0, 0, 0, '', 0, 0, 1, 3),
(13, 13, 0, 0, 0, 0, '', 0, 0, 1, 3),
(14, 14, 400, 250, 0, 650, 'Patrick', 2, 5, 0, 2),
(15, 15, 500, 50, 0, 0, '', 0, 0, 0, 7);

-- --------------------------------------------------------

--
-- Table structure for table `bidders`
--

CREATE TABLE IF NOT EXISTS `bidders` (
  `bidders_id` int(11) NOT NULL AUTO_INCREMENT,
  `book_id` int(11) NOT NULL,
  `auction_id` int(11) NOT NULL,
  `name` varchar(50) NOT NULL,
  `contact_no` varchar(20) NOT NULL,
  `email` varchar(50) NOT NULL,
  `token` varchar(35) NOT NULL,
  `is_winner` tinyint(1) NOT NULL,
  PRIMARY KEY (`bidders_id`)
) ENGINE=InnoDB  DEFAULT CHARSET=utf8 AUTO_INCREMENT=6 ;

--
-- Dumping data for table `bidders`
--

INSERT INTO `bidders` (`bidders_id`, `book_id`, `auction_id`, `name`, `contact_no`, `email`, `token`, `is_winner`) VALUES
(1, 3, 3, 'Anonymous', '09472199299', 'pdale.rugayan@gmail.com', '2ohnkfa5ygy8jaj56vom7nguhmgkc9rz', 0),
(2, 8, 8, 'Patrick Dale Rugayan', '09472199299', 'pdale.rugayan@gmail.com', '8ad92407kjgme811lgldqwi4zsl8vv76', 0),
(3, 8, 8, 'Franz Henschel Esguerra', '09065191962', 'fhesguerra08@gmail.com', 'hr4miecd11h3s01w05yceuqk5vb41m65', 0),
(4, 2, 2, 'Rodrigo Duterte', '09472199299', 'pdale.rugayan@gmail.com', 'qjnblrj1trsuq2hz8m86mv3mqto2xw3o', 0),
(5, 14, 14, 'Patrick', '09123345', 'pdale.rugayan@gmail.com', 'y01zro3kpgp8iod3d70r1d5aq1pa5j5v', 0);

-- --------------------------------------------------------

--
-- Table structure for table `bidding_log`
--

CREATE TABLE IF NOT EXISTS `bidding_log` (
  `bid_id` int(11) NOT NULL AUTO_INCREMENT,
  `book_id` int(11) NOT NULL,
  `bidder_id` int(11) NOT NULL,
  `name` varchar(50) NOT NULL,
  `bid_price` float NOT NULL,
  `bid_date` datetime NOT NULL,
  `inactive` tinyint(1) NOT NULL,
  PRIMARY KEY (`bid_id`)
) ENGINE=InnoDB  DEFAULT CHARSET=utf8 AUTO_INCREMENT=17 ;

--
-- Dumping data for table `bidding_log`
--

INSERT INTO `bidding_log` (`bid_id`, `book_id`, `bidder_id`, `name`, `bid_price`, `bid_date`, `inactive`) VALUES
(1, 3, 1, 'Anonymous', 500, '2017-03-22 08:00:40', 0),
(2, 8, 2, 'Patrick Dale Rugayan', 850, '2017-03-22 08:01:59', 0),
(3, 8, 2, 'Patrick Dale Rugayan', 950, '2017-03-22 08:02:09', 0),
(4, 8, 3, 'Franz Henschel Esguerra', 1050, '2017-03-22 08:04:53', 0),
(5, 8, 2, 'Patrick Dale Rugayan', 1150, '2017-03-22 08:05:22', 0),
(6, 8, 2, 'Patrick Dale Rugayan', 1300, '2017-03-22 08:05:50', 0),
(7, 8, 3, 'Franz Henschel Esguerra', 1150, '2017-03-22 08:06:10', 0),
(8, 2, 4, 'Rodrigo Duterte', 500, '2017-03-24 02:48:16', 1),
(9, 2, 4, 'Rodrigo Duterte', 550, '2017-03-24 02:48:37', 1),
(10, 2, 4, 'Rodrigo Duterte', 600, '2017-03-24 03:03:26', 1),
(11, 2, 4, 'Rodrigo Duterte', 650, '2017-03-24 15:56:02', 1),
(12, 14, 5, 'Patrick', 400, '2017-03-25 11:19:32', 0),
(13, 14, 5, 'Patrick', 650, '2017-03-25 11:19:45', 0),
(14, 2, 4, 'Rodrigo Duterte', 500, '2017-03-25 12:06:39', 0),
(15, 2, 4, 'Rodrigo Duterte', 550, '2017-03-25 12:10:41', 0),
(16, 2, 4, 'Rodrigo Duterte', 600, '2017-03-25 12:11:10', 0);

-- --------------------------------------------------------

--
-- Table structure for table `books`
--

CREATE TABLE IF NOT EXISTS `books` (
  `book_id` int(10) unsigned NOT NULL AUTO_INCREMENT,
  `user_id` int(10) unsigned NOT NULL,
  `title` varchar(100) NOT NULL,
  `author` varchar(100) NOT NULL,
  `genre` varchar(60) NOT NULL,
  `description` varchar(2000) NOT NULL,
  `b_condition` varchar(20) NOT NULL,
  `method` varchar(20) NOT NULL,
  `date_posted` date NOT NULL,
  `inactive` tinyint(1) NOT NULL,
  `notifications` int(11) NOT NULL,
  `token` varchar(35) NOT NULL,
  PRIMARY KEY (`book_id`)
) ENGINE=InnoDB  DEFAULT CHARSET=utf8 AUTO_INCREMENT=16 ;

--
-- Dumping data for table `books`
--

INSERT INTO `books` (`book_id`, `user_id`, `title`, `author`, `genre`, `description`, `b_condition`, `method`, `date_posted`, `inactive`, `notifications`, `token`) VALUES
(1, 2, 'One Part Plant: 100 Meals for a Whole New You', 'Jessica Murnane', 'Cookbooks', '“This book is joyful, playful, delicious, and guess what? It will also change your life. I invite you to follow Jessica into the vast green wilderness.” —Lena Dunham\r\n\r\nWellness advocate and podcaster Jessica Murnane is the friend you never knew you had. And she’s here to help you make a change you never thought was possible.\r\n\r\nIn One Part Plant, Jessica has a friendly request: that you eat just one meal plant-based meal each day. There’s no crazy diet plan with an anxiety-inducing list of forbidden foods. Or pages filled with unattainable goals based on an eating philosophy that leaves you feeling hungry and deprived. Instead, Jessica offers you the tools to easily and deliciously make plants the star of your plate—no matter how much junk food occupies it now.\r\n\r\nJessica knows what it’s like to have less than healthy eating habits. Just a few short years ago, her diet consisted of three major food groups: Sour Patch Kids, Diet Coke, and whatever Lean Cuisine had the most cheese. But when her endometriosis—a chronic and painful condition—left her depressed and desperate for help, she took the advice of a friend and radically overhauled her diet. Within months, her life dramatically changed—her pain started to fade and she felt like herself again.\r\n\r\nWith a unique style and playful tone, Jessica shares what she’s learned on her way to healing her body through food. She keeps it simple and, most importantly, delicious—with 100 allergy-friendly recipes like Creamy Mushroom Lasagna, Easy Vegetable Curry Bowls, Triple Berry Skillet Cobbler, and Chocolate Chunk Cookies.\r\n\r\nFeaturing her top ten pantry basics, practical advice, and colorful and bold photography, One Part Plant is an inspiring and educational guide to eating real and feeling your best.', 'Brand New', 'Sell', '2017-03-22', 1, 0, ''),
(2, 1, 'Harry Potter (Full Set)', 'J.K. Rowling', 'Fantasy', 'Harry Potter is a series of fantasy novels written by British author J. K. Rowling. The novels chronicle the life of a young wizard, Harry Potter, and his friends Hermione Granger and Ron Weasley, all of whom are students at Hogwarts School of Witchcraft and Wizardry. The main story arc concerns Harry''s struggle against Lord Voldemort, a dark wizard who intends to become immortal, overthrow the wizard governing body known as the Ministry of Magic, and subjugate all wizards and Muggles, a reference term that means non-magical people.', 'Brand New', 'Auction', '2017-03-22', 0, 0, ''),
(3, 2, 'One Part Plant: 100 Meals for a Whole New You', 'Jessica Murnane', 'Cookbooks', '“This book is joyful, playful, delicious, and guess what? It will also change your life. I invite you to follow Jessica into the vast green wilderness.” —Lena Dunham\r\n\r\nWellness advocate and podcaster Jessica Murnane is the friend you never knew you had. And she’s here to help you make a change you never thought was possible.\r\n\r\nIn One Part Plant, Jessica has a friendly request: that you eat just one meal plant-based meal each day. There’s no crazy diet plan with an anxiety-inducing list of forbidden foods. Or pages filled with unattainable goals based on an eating philosophy that leaves you feeling hungry and deprived. Instead, Jessica offers you the tools to easily and deliciously make plants the star of your plate—no matter how much junk food occupies it now.\r\n\r\nJessica knows what it’s like to have less than healthy eating habits. Just a few short years ago, her diet consisted of three major food groups: Sour Patch Kids, Diet Coke, and whatever Lean Cuisine had the most cheese. But when her endometriosis—a chronic and painful condition—left her depressed and desperate for help, she took the advice of a friend and radically overhauled her diet. Within months, her life dramatically changed—her pain started to fade and she felt like herself again.\r\n\r\nWith a unique style and playful tone, Jessica shares what she’s learned on her way to healing her body through food. She keeps it simple and, most importantly, delicious—with 100 allergy-friendly recipes like Creamy Mushroom Lasagna, Easy Vegetable Curry Bowls, Triple Berry Skillet Cobbler, and Chocolate Chunk Cookies.\r\n\r\nFeaturing her top ten pantry basics, practical advice, and colorful and bold photography, One Part Plant is an inspiring and educational guide to eating real and feeling your best.', 'Brand New', 'Auction', '2017-03-22', 1, 0, ''),
(4, 3, 'The Great Gatsby', 'F. Scott Fitzgerald', 'Science Fiction', 'The Great Gatsby is a 1925 novel written by American author F. Scott Fitzgerald that follows a cast of characters living in the fictional town of West Egg on prosperous Long Island in the summer of 1922. ', '2nd Hand (Used)', 'Sell', '2017-03-22', 0, 0, ''),
(5, 1, 'The Hunger Games (The Hunger Games #1)', 'Suzanne Collins', 'Action and Adventure', 'The nation of Panem, formed from a post-apocalyptic North America, is a country that consists of a wealthy Capitol region surrounded by 12 poorer districts. Early in its history, a rebellion led by a 13th district against the Capitol resulted in its destruction and the creation of an annual televised event known as the Hunger Games. In punishment, and as a reminder of the power and grace of the Capitol, each district must yield one boy and one girl between the ages of 12 and 18 through a lottery system to participate in the games. The ''tributes'' are chosen during the annual Reaping and are forced to fight to the death, leaving only one survivor to claim victory.\r\n\r\nWhen 16-year-old Katniss''s young sister, Prim, is selected as District 12''s female representative, Katniss volunteers to take her place. She and her male counterpart Peeta, are pitted against bigger, stronger representatives, some of whom have trained for this their whole lives. , she sees it as a death sentence. But Katniss has been close to death before. For her, survival is second nature.', '2nd Hand (Used)', 'Sell', '2017-03-22', 0, 0, ''),
(6, 1, 'Married with Zombies (Living With the Dead #1)', ' Jesse Petersen', 'Romance', 'A heartwarming tale of terror in the middle of the zombie apocalypse.\r\n\r\nMeet Sarah and David.\r\n\r\nOnce upon a time they met and fell in love. But now they''re on the verge of divorce and going to couples'' counseling. On a routine trip to their counselor, they notice a few odd things - the lack of cars on the highway, the missing security guard, and the fact that their counselor, Dr. Kelly, is ripping out her previous client''s throat.\r\n\r\nMeet the Zombies.\r\n\r\nNow, Sarah and David are fighting for survival in the middle of the zombie apocalypse. But, just because there are zombies, doesn''t mean your other problems go away. If the zombies don''t eat their brains, they might just kill each other.', 'Brand New', 'Sell', '2017-03-22', 1, 0, ''),
(7, 1, 'The Fault in Our Stars', 'John Green', 'Romance', 'Despite the tumor-shrinking medical miracle that has bought her a few years, Hazel has never been anything but terminal, her final chapter inscribed upon diagnosis. But when a gorgeous plot twist named Augustus Waters suddenly appears at Cancer Kid Support Group, Hazel''s story is about to be completely rewritten.\r\n\r\nInsightful, bold, irreverent, and raw, The Fault in Our Stars is award-winning-author John Green''s most ambitious and heartbreaking work yet, brilliantly exploring the funny, thrilling, and tragic business of being alive and in love.', 'Brand New', 'Auction', '2017-03-22', 0, 0, ''),
(8, 3, 'The Underground Railroad', 'Colson Whitehead', 'Novel', 'The Underground Railroad is a 2016 novel by American author Colson Whitehead. It tells the story of Cora and Caesar, two slaves who make a bid for freedom from their Georgia plantations by following the Underground Railroad, which in this novel becomes an actual underground subway.', 'Brand New', 'Auction', '2017-03-22', 0, 0, ''),
(9, 2, 'Dodge City: Wyatt Earp, Bat Masterson, and the Wickedest Town in the American West', 'Tom Clavin', 'History', 'Dodge City, Kansas, is a place of legend. The town that started as a small military site exploded with the coming of the railroad, cattle drives, eager miners, settlers, and various entrepreneurs passing through to populate the expanding West. Before long, Dodge City’s streets were lined with saloons and brothels and its populace was thick with gunmen, horse thieves, and desperadoes of every sort. By the 1870s, Dodge City was known as the most violent and turbulent town in the West.\r\n\r\nEnter Wyatt Earp and Bat Masterson. Young and largely self-trained men, the lawmen led the effort that established frontier justice and the rule of law in the American West, and did it in the wickedest place in the United States. When they moved on, Wyatt to Tombstone and Bat to Colorado, a tamed Dodge was left in the hands of Jim Masterson. But before long Wyatt and Bat, each having had a lawman brother killed, returned to that threatened western Kansas town to team up to restore order again in what became known as the Dodge City War before riding off into the sunset.\r\n\r\n#1 New York Times bestselling author Tom Clavin''s Dodge City tells the true story of their friendship, romances, gunfights, and adventures, along with the remarkable cast of characters they encountered along the way (including Wild Bill Hickok, Jesse James, Doc Holliday, Buffalo Bill Cody, John Wesley Hardin, Billy the Kid, and Theodore Roosevelt) that has gone largely untold—lost in the haze of Hollywood films and western fiction, until now. ', '2nd Hand (Used)', 'Sell', '2017-03-22', 1, 0, ''),
(10, 3, 'Nineteen Eighty-Four', 'George Orwell', 'Satire', 'Nineteen Eighty-Four, often published as 1984, is a dystopian novel published in 1949 by English author George Orwell.', '2nd Hand (Used)', 'Sell', '2017-03-22', 0, 0, ''),
(11, 3, 'Arthur and Sherlock ', 'Michael Sims', 'Art', 'As a young medical student, Arthur Conan Doyle studied in Edinburgh under the vigilant eye of a diagnostic genius, Dr. Joseph Bell. Doyle often observed Bell identifying a patient''s occupation, hometown, and ailments from the smallest details of dress, gait, and speech. Although Doyle was training to be a surgeon, he was meanwhile cultivating essential knowledge that would feed his literary dreams and help him develop the most iconic detective in fiction. ', '2nd Hand (Used)', 'Sell', '2017-03-22', 0, 0, ''),
(12, 3, 'Civil War II', ' Brian Michael Bendis', 'Comics', 'The Marvel comic event everyone will be talking about.\r\nA new Inhuman emerges, with the ability to profile the future, and the ramifications ripple into every corner of the Marvel Universe. Lines are drawn, bodies fall, and the Marvel Universe will be rocked to its very core.\r\n', 'Brand New', 'Sell', '2017-03-25', 0, 0, ''),
(13, 3, 'Sugar', ' Kimberly Stuart ', 'Chick Lit', 'After realizing her coworkers at L’Ombre, a high-profile restaurant in NYC, will never appreciate or respect her, Charlie Garrett allows her ex-boyfriend, Avery Michaels, to convince her to work for him as executive pastry chef at his new Seattle hotspot, Thrill. She’ll have her own kitchen, her own staff—everything she ever wanted professionally.', '2nd Hand (Used)', 'Sell', '2017-03-25', 0, 0, ''),
(14, 2, 'Marley and Me: Life and Love With the World''s Worst Dog', 'John Grogan', 'Collectors Item', 'John and Jenny were just beginning their life together. They were young and in love, with a perfect little house and not a care in the world. Then they brought home Marley, a wiggly yellow furball of a puppy. Life would never be the same.\r\n\r\nMarley quickly grew into a barreling, ninety-seven-pound streamroller of a Labrador retriever, a dog like no other. He crashed through screen doors, gouged through drywall, flung drool on guests, stole women''s undergarments, and ate nearly everything he could get his mouth around, including couches and fine jewelry. Obedience school did no good—Marley was expelled. Neither did the tranquilizers the veterinarian prescribed for him with the admonishment, "Don''t hesitate to use these."\r\n\r\nAnd yet Marley''s heart was pure. Just as he joyfully refused any limits on his behavior, his love and loyalty were boundless, too. Marley shared the couple''s joy at their first pregnancy, and their heartbreak over the miscarriage. He was there when babies finally arrived and when the screams of a seventeen-year-old stabbing victim pierced the night. Marley shut down a public beach and managed to land a role in a feature-length movie, always winning hearts as he made a mess of things. Through it all, he remained steadfast, a model of devotion, even when his family was at its wit''s end. Unconditional love, they would learn, comes in many forms.', 'Brand New', 'Auction', '2017-03-25', 0, 0, ''),
(15, 7, 'Devil in Spring', 'Patrick Dale', 'Comedy and Humor', 'ksjbhjabjhbdjmasbdjsghsbajgdugdhaayv dbjahuksjbhjabjhbdjmasbdjsghsbajgd ugdhaayvdbjahuksjbhjabjhbdjmasbdjsghsbajgdugdhaayvdbjahuksjbhjabjhbdjmasbdjsghsbajgdugdhaayvdbjahu', '2nd Hand (Used)', 'Auction', '2017-03-25', 0, 0, '');

-- --------------------------------------------------------

--
-- Table structure for table `book_images`
--

CREATE TABLE IF NOT EXISTS `book_images` (
  `image_id` int(10) unsigned NOT NULL AUTO_INCREMENT,
  `book_id` int(10) unsigned NOT NULL,
  `image_url` varchar(100) NOT NULL,
  PRIMARY KEY (`image_id`)
) ENGINE=InnoDB  DEFAULT CHARSET=utf8 AUTO_INCREMENT=18 ;

--
-- Dumping data for table `book_images`
--

INSERT INTO `book_images` (`image_id`, `book_id`, `image_url`) VALUES
(1, 1, './uploads/a2423958d1b98859fb3.jpg'),
(2, 2, './uploads/a1546758d1b9d06c7a6.jpg'),
(3, 2, './uploads/b96858d1b9d06ce3e.jpg'),
(5, 3, './uploads/a1814958d1ba043fe71.jpg'),
(6, 4, './uploads/a485158d1bb3d1885e.jpg'),
(7, 5, './uploads/a2957458d1bbd1ea1e9.jpg'),
(8, 6, './uploads/a2553358d1bc6732bf0.jpg'),
(9, 7, './uploads/a304258d1bd7e7aad8.jpg'),
(10, 8, './uploads/a1937658d1be814e394.jpg'),
(11, 9, './uploads/a2044158d1c39e5a62d.jpg'),
(12, 10, './uploads/a1750658d1c40cf01ea.jpg'),
(13, 11, './uploads/a2660258d1c569ce567.jpg'),
(14, 12, './uploads/a754458d5d7ad37f87.jpg'),
(15, 13, './uploads/a702758d5d84c517c0.jpg'),
(16, 14, './uploads/a262458d5de3e8c004.jpg'),
(17, 15, './uploads/a344958d5e971df87d.jpg');

-- --------------------------------------------------------

--
-- Table structure for table `city`
--

CREATE TABLE IF NOT EXISTS `city` (
  `city_id` int(10) unsigned NOT NULL AUTO_INCREMENT,
  `province_id` int(10) unsigned NOT NULL,
  `city` varchar(50) NOT NULL,
  PRIMARY KEY (`city_id`)
) ENGINE=InnoDB  DEFAULT CHARSET=utf8 AUTO_INCREMENT=1639 ;

--
-- Dumping data for table `city`
--

INSERT INTO `city` (`city_id`, `province_id`, `city`) VALUES
(1, 1, 'Bangued'),
(2, 1, 'Boliney'),
(3, 1, 'Bucay'),
(4, 1, 'Bucloc'),
(5, 1, 'Daguioman'),
(6, 1, 'Danglas'),
(7, 1, 'Dolores'),
(8, 1, 'La Paz'),
(9, 1, 'Lacub'),
(10, 1, 'Lagangilang'),
(11, 1, 'Lagayan'),
(12, 1, 'Langiden'),
(13, 1, 'Licuan-Baay'),
(14, 1, 'Luba'),
(15, 1, 'Malibcong'),
(16, 1, 'Manabo'),
(17, 1, 'Peñarrubia'),
(18, 1, 'Pidigan'),
(19, 1, 'Pilar'),
(20, 1, 'Sallapadan'),
(21, 1, 'San Isidro'),
(22, 1, 'San Juan'),
(23, 1, 'San Quitin'),
(24, 1, 'Tayum'),
(25, 1, 'Tineg'),
(26, 1, 'Tubo'),
(27, 1, 'Villaviciosa'),
(29, 49, 'Caloocan City'),
(30, 49, 'Las Piñas City'),
(31, 49, 'Makati City'),
(32, 49, 'Malabon City'),
(33, 49, 'Mandaluyong City'),
(34, 49, 'Manila City'),
(35, 49, 'Marikina City'),
(36, 49, 'Muntinlupa City'),
(37, 49, 'Navotas City'),
(38, 49, 'Parañaque City'),
(39, 49, 'Pasay City'),
(40, 49, 'Pasig City'),
(41, 49, 'Pateros City'),
(42, 49, 'Quezon City'),
(43, 49, 'San Juan City'),
(44, 49, 'Taguig City'),
(45, 49, 'Valenzuela City'),
(46, 2, 'Buenavista'),
(47, 2, 'Carmen'),
(48, 2, 'Jabonga'),
(49, 2, 'Kitcharao'),
(50, 2, 'Las Nieves'),
(51, 2, 'Magallanes'),
(52, 2, 'Nasipit'),
(53, 2, 'Remedios T. Romualdez'),
(54, 2, 'Santiago'),
(55, 2, 'Tubay'),
(56, 3, 'Bunawan'),
(57, 3, 'Esperanza'),
(58, 3, 'La Paz'),
(59, 3, 'Loreto'),
(60, 3, 'Prosperidad'),
(61, 3, 'Rosario'),
(62, 3, 'San Francisco'),
(63, 3, 'San Luis'),
(64, 3, 'Santa Josefa'),
(65, 3, 'Sibagat'),
(66, 3, 'Talacogon'),
(67, 3, 'Trento'),
(68, 3, 'Veruela'),
(69, 4, 'Altavas'),
(70, 4, 'Balete'),
(71, 4, 'Banga'),
(72, 4, 'Batan'),
(73, 4, 'Buruanga'),
(74, 4, 'Ibajay'),
(75, 4, 'Kalibo'),
(76, 4, 'Lezo'),
(77, 4, 'Libacao'),
(78, 4, 'Madalag'),
(79, 4, 'Makato'),
(80, 4, 'Malay'),
(81, 4, 'Malinao'),
(82, 4, 'Nabas'),
(83, 4, 'New Washington'),
(84, 4, 'Numancia'),
(85, 4, 'Tangalan'),
(86, 5, 'Bacacay'),
(87, 5, 'Camalig'),
(88, 5, 'Daraga'),
(89, 5, 'Guinobatan'),
(90, 5, 'Jovellar'),
(91, 5, 'Libon'),
(92, 5, 'Malilipot'),
(93, 5, 'Malinao'),
(94, 5, 'Manito'),
(95, 5, 'Oas'),
(96, 5, 'Pio Duran'),
(97, 5, 'Polangui'),
(98, 5, 'Rapu-Rapu'),
(99, 5, 'Santo Domingo'),
(100, 5, 'Tiwi'),
(101, 6, 'Barbaza'),
(102, 6, 'Belison'),
(103, 6, 'Bugasong'),
(104, 6, 'Caluya'),
(105, 6, 'Culasi'),
(106, 6, 'Hamtic'),
(107, 6, 'Laua-an'),
(108, 6, 'Libertad'),
(109, 6, 'Pandan'),
(110, 6, 'Patnongon'),
(111, 6, 'San Jose de Buenavista'),
(112, 6, 'San Remigio'),
(113, 6, 'Sebaste'),
(114, 6, 'Sibalom'),
(115, 6, 'Tibiao'),
(116, 6, 'TobiasFornier'),
(117, 6, 'Valderrama'),
(118, 7, 'Calanasan'),
(119, 7, 'Conner'),
(120, 7, 'Flora'),
(121, 7, 'Kabugao'),
(122, 7, 'Luna'),
(123, 7, 'Pudtol'),
(124, 7, 'Santa Marcela'),
(125, 8, 'Baler'),
(126, 8, 'Casiguran'),
(127, 8, 'Dilasag'),
(128, 8, 'Dinalungan'),
(129, 8, 'Dingalan'),
(130, 8, 'Dipaculao'),
(131, 8, 'Maria Aurora'),
(132, 8, 'San Luis'),
(133, 9, 'Akbar'),
(134, 9, 'Al-Barka'),
(135, 9, 'Hadji Muhammad Ajul'),
(136, 9, 'Hadji Muhtamad'),
(137, 9, 'Lantawan'),
(138, 9, 'Maluso'),
(139, 9, 'Sumisip'),
(140, 9, 'Tabuan-Lasa'),
(141, 9, 'Tipo-Tipo'),
(142, 9, 'Tuburan'),
(143, 9, 'Ungkaya Pukan'),
(144, 10, 'Abucay'),
(145, 10, 'Bagac'),
(146, 10, 'Balanga City'),
(147, 10, 'Dinalupihan'),
(148, 10, 'Hermosa'),
(149, 10, 'Limay'),
(150, 10, 'Mariveles'),
(151, 10, 'Morong'),
(152, 10, 'Orani'),
(153, 10, 'Orion'),
(154, 10, 'Pilar'),
(155, 10, 'Samal'),
(156, 5, 'Legazpi'),
(157, 5, 'Ligao'),
(158, 5, 'Tabaco'),
(159, 11, 'Basco'),
(160, 11, 'Ivana'),
(161, 11, 'Mahatao'),
(162, 11, 'Sabtang'),
(163, 11, 'Uyugan'),
(164, 12, 'Batangas City'),
(165, 12, 'Nasugbu'),
(166, 12, 'San Juan'),
(167, 12, 'Rosario'),
(168, 12, 'Lipa City'),
(169, 12, 'Lobo'),
(170, 12, 'Calaca'),
(171, 12, 'Calatagan'),
(172, 12, 'Lemery'),
(173, 12, 'Balayan'),
(174, 12, 'Tanauan City'),
(175, 12, 'Sto. Tomas'),
(176, 12, 'Tuy'),
(177, 12, 'Taysan'),
(178, 12, 'Lian'),
(179, 12, 'Laurel'),
(180, 12, 'Ibaan'),
(181, 12, 'Cuenca'),
(182, 12, 'Bauan'),
(183, 12, 'San Jose'),
(184, 12, 'San Pascual'),
(185, 12, 'Agoncillo'),
(186, 12, 'Mabini'),
(187, 12, 'San Luis'),
(188, 12, 'Padre Garcia'),
(189, 12, 'Tingloy'),
(190, 12, 'Malvar'),
(191, 12, 'Taal'),
(192, 12, 'Talisay'),
(193, 12, 'Balete'),
(194, 12, 'Alitagtag'),
(195, 12, 'Mataas-na-Kahoy'),
(196, 12, 'Sta. Teresita'),
(197, 12, 'San Nicolas'),
(198, 13, 'Baguio'),
(199, 13, 'Atok'),
(200, 13, 'Bakun'),
(201, 13, 'Bokod'),
(202, 13, 'Buguias'),
(203, 13, 'Itogon'),
(204, 13, 'Kabayan'),
(205, 13, 'Kapangan'),
(206, 13, 'Kibungan'),
(207, 13, 'La Trinidad'),
(208, 13, 'Mankayan'),
(209, 13, 'Sablan'),
(210, 13, 'Tuba'),
(211, 13, 'Tublay'),
(212, 14, 'Naval'),
(213, 14, 'Almeria'),
(214, 14, 'Biliran'),
(215, 14, 'Cabucgayan'),
(216, 14, 'Caibiran'),
(217, 14, 'Culaba'),
(218, 14, 'Kawayan'),
(219, 14, 'Maripipi'),
(221, 15, 'Alburquerque'),
(222, 15, 'Alicia'),
(223, 15, 'Anda'),
(224, 15, 'Antequera '),
(225, 15, 'Baclayon'),
(226, 15, 'Balilihan'),
(227, 15, 'Batuan'),
(228, 15, 'Bien Unido'),
(229, 15, 'Bilar'),
(230, 15, 'Buenavista'),
(231, 15, 'Calape'),
(232, 15, 'Candijay'),
(233, 15, 'Carmen'),
(234, 15, 'Catigbian'),
(235, 15, 'Clarin '),
(236, 15, 'Corella'),
(237, 15, 'Cortes'),
(238, 15, 'Dagohoy'),
(239, 15, 'Danao'),
(240, 15, 'Dauis'),
(241, 15, 'Dimiao'),
(242, 15, 'Duero'),
(243, 15, 'Garcia-Hernandez'),
(244, 15, 'Guindulman'),
(245, 15, 'Inabanga'),
(246, 15, 'Jagna '),
(247, 15, 'Jetafe'),
(248, 15, 'Lila'),
(249, 15, 'Loay'),
(250, 15, 'Loboc'),
(251, 15, 'Loon'),
(252, 15, 'Mabini'),
(253, 15, 'Maribojoc'),
(254, 15, 'Panglao'),
(255, 15, 'Pilar'),
(256, 15, 'President Garcia'),
(257, 15, 'Sagbayan'),
(258, 15, 'San Isidro'),
(259, 15, 'San Miguel'),
(260, 15, 'Sevilla'),
(261, 15, 'Sierra Bullones'),
(262, 15, 'Sikatuna'),
(263, 15, 'Tagbilaran City'),
(264, 15, 'Talibon'),
(265, 15, 'Trinidad'),
(266, 15, 'Tubigon'),
(267, 15, 'Ubay'),
(268, 15, 'Valencia'),
(269, 16, 'Cabanglasan'),
(270, 16, 'Dangcagan'),
(271, 16, 'Impasug-ong'),
(272, 16, 'Kitaotao'),
(273, 16, 'Lantapan'),
(274, 16, 'Malaybalay City'),
(275, 16, 'Malitbog'),
(276, 16, 'Maramag'),
(277, 16, 'Quezon'),
(278, 16, 'San Fernando'),
(279, 16, 'Talakag'),
(280, 16, 'Valencia'),
(281, 17, 'Angat'),
(282, 17, 'Balagtas'),
(283, 17, 'Baliuag'),
(284, 17, 'Bocaue'),
(285, 17, 'Bulacan'),
(286, 17, 'Bustos'),
(287, 17, 'Calumpit'),
(288, 17, 'Doña Remedios Trinidad'),
(289, 17, 'Guiguinto'),
(291, 17, 'Hagonoy'),
(292, 17, 'Malolos City'),
(293, 17, 'Marilao'),
(294, 17, 'Meycauayan City'),
(295, 17, 'Norzagaray'),
(296, 17, 'Obando'),
(297, 17, 'Pandi'),
(298, 17, ''),
(299, 17, 'Paombong'),
(300, 17, 'Plaridel'),
(301, 17, 'Pulilan'),
(302, 17, 'San Ildefonso'),
(303, 17, 'San Jose del Monte City'),
(304, 17, 'San Miguel'),
(305, 17, 'San Rafael'),
(306, 17, 'Santa Maria'),
(307, 18, 'Tuguegarao'),
(308, 18, 'Abulug'),
(309, 18, 'Alcala'),
(310, 18, 'Allacapan'),
(311, 18, 'Amulung'),
(312, 18, 'Aparri'),
(313, 18, 'Baggao'),
(314, 18, 'Ballesteros'),
(315, 18, 'Buguey'),
(316, 18, 'Calayan'),
(317, 18, 'Camalaniugan'),
(318, 18, 'Claveria'),
(319, 18, 'Enrile'),
(320, 18, 'Gattaran'),
(321, 18, 'Gonzaga'),
(322, 18, 'Iguig'),
(323, 18, 'Lal-lo '),
(324, 18, 'Lasam'),
(325, 18, 'Pamplona'),
(326, 18, 'Peñablanca'),
(327, 18, 'Piat'),
(328, 18, 'Rizal'),
(329, 18, 'Sanchez-Mira'),
(330, 18, 'Santa Ana'),
(331, 18, 'Santa Praxedes'),
(332, 18, 'Santa Teresita'),
(333, 18, 'Santo Niño (Faire)'),
(334, 18, 'Solana'),
(335, 18, 'Tuao'),
(336, 19, 'Daet'),
(337, 19, ' Jose Panganiban'),
(338, 19, ' Mercedes'),
(339, 20, 'Baao'),
(340, 20, 'Balatan'),
(341, 20, 'Bato'),
(342, 20, 'Bombon'),
(343, 20, 'Buhi'),
(344, 20, 'Bula'),
(345, 20, 'Cabusao'),
(346, 20, 'Calabanga'),
(347, 20, 'Camaligan'),
(348, 20, 'Canaman'),
(349, 20, 'Caramoan'),
(350, 20, 'Del Gallego'),
(351, 20, 'Gainza'),
(352, 20, 'Garchitorena'),
(353, 20, 'Goa'),
(354, 20, 'Iriga'),
(355, 20, 'Lagonoy'),
(356, 20, 'Libmanan'),
(357, 20, 'Lupi'),
(358, 20, 'Magarao'),
(359, 20, 'Milaor'),
(360, 20, 'Minalabac'),
(361, 20, 'Nabua'),
(362, 20, 'Naga City'),
(363, 20, 'Ocampo'),
(364, 20, 'Pamplona'),
(365, 20, 'Pasacao'),
(366, 20, 'Pili'),
(367, 20, 'Presentacion'),
(368, 20, 'Ragay'),
(369, 20, 'Sagñay'),
(370, 20, 'San Fernando'),
(371, 20, 'San Jose'),
(372, 20, 'Sipocot'),
(373, 20, 'Siruma'),
(374, 20, 'Tigaon'),
(375, 20, 'Tinambac'),
(376, 19, 'Basud'),
(377, 19, 'Capalonga'),
(378, 19, 'Labo'),
(379, 19, 'Paracale'),
(380, 19, 'San Lorenzo Ruiz'),
(381, 19, 'San Vicente'),
(382, 19, 'Santa Elena'),
(383, 19, 'Talisay'),
(384, 19, 'Vinzons'),
(385, 21, 'Abo'),
(386, 21, 'Agoho'),
(387, 21, 'Aguren'),
(388, 21, 'Alangilan'),
(389, 21, 'Alga'),
(390, 21, ' Anito'),
(391, 21, 'Aumbay'),
(392, 21, 'Aundanao'),
(393, 21, 'Bacnit'),
(394, 21, 'Balbagon'),
(395, 21, 'Balit'),
(396, 21, 'Balite'),
(397, 21, 'Basiao'),
(398, 21, 'Baylao'),
(399, 21, 'Binaliwan'),
(400, 21, 'Binoni'),
(401, 21, 'Bokbok'),
(402, 21, 'Bonbon'),
(403, 21, 'Bonkaan'),
(404, 21, 'Bug-ang'),
(405, 21, ' Bug-ong'),
(406, 21, ' Buhangin'),
(407, 21, 'Bura'),
(408, 21, 'Butay'),
(409, 21, 'Cabuan'),
(410, 21, 'Canangcanan'),
(411, 21, 'Cantaan'),
(412, 21, 'Cataan'),
(413, 21, ' Catarman'),
(414, 21, 'Catibac'),
(415, 21, 'Catihan'),
(416, 21, 'Catohugan'),
(417, 21, 'Compol'),
(418, 21, ' Cumaan'),
(419, 21, 'Cuña'),
(420, 21, 'Esperanza'),
(421, 21, 'Farrol'),
(422, 21, 'Figpan'),
(423, 21, ' Guinisiliban'),
(424, 21, 'Harasan'),
(425, 22, 'Mambusao'),
(426, 22, 'Panay'),
(427, 22, 'President Roxas'),
(428, 22, 'Roxas City'),
(429, 22, 'Tapaz'),
(430, 23, 'Gigmoto'),
(431, 23, 'Panganiban'),
(432, 23, 'Viga'),
(433, 23, 'Virac'),
(434, 23, 'Bagamanoc'),
(435, 23, 'Baras'),
(436, 23, 'Bato'),
(437, 23, 'Caramoran'),
(438, 23, 'Pandan'),
(439, 23, 'San Andres'),
(440, 23, 'San Miguel'),
(442, 24, 'Bacoor'),
(443, 24, 'Cavite City'),
(444, 24, 'Dasmariñas'),
(445, 24, 'General Trias'),
(446, 24, 'Imus'),
(447, 24, 'Tagaytay'),
(448, 24, 'Trece Martines'),
(449, 24, 'Alfonso'),
(450, 24, 'Amadeo'),
(451, 24, 'Carmona'),
(452, 24, 'General Emilio Aguinaldo'),
(453, 24, 'General Mariano Alvarez'),
(454, 24, 'Indang'),
(455, 24, 'Kawit'),
(456, 24, 'Magallanes'),
(457, 24, 'Maragondon'),
(458, 24, 'Mendez'),
(459, 24, 'Naic'),
(460, 24, 'Noveleta'),
(461, 24, 'Rosario'),
(462, 24, 'Silang'),
(463, 24, 'Tanza'),
(464, 24, 'Ternate'),
(465, 25, 'Cebu'),
(466, 25, 'Lapu-Lapu'),
(467, 25, 'Mandaue'),
(468, 25, 'Bogo'),
(469, 25, 'Carcar'),
(470, 25, 'Danao'),
(471, 25, 'Naga'),
(472, 25, 'Talisay'),
(473, 25, 'Toledo'),
(474, 25, 'Alcantara'),
(475, 25, 'Alcoy'),
(476, 25, 'Alegria'),
(477, 25, 'Aloguinsan'),
(478, 25, 'Argao'),
(479, 25, 'Asturias'),
(480, 25, 'Badian'),
(481, 25, 'Balamban'),
(482, 25, 'Bantayan'),
(483, 25, 'Barili'),
(484, 25, 'Boljoon'),
(485, 25, 'Borbon'),
(486, 25, 'Carmen'),
(487, 25, 'Catmon'),
(488, 25, 'Compostela'),
(489, 25, 'Consolacion'),
(490, 25, 'Cordova'),
(491, 25, 'Daanbantayan'),
(492, 25, 'Dalaguete'),
(493, 25, 'Dumanjug'),
(494, 25, 'Ginatilan'),
(495, 25, 'Liloan'),
(496, 25, 'Madridejos'),
(497, 25, 'Malabuyoc'),
(498, 25, 'Medellin'),
(499, 25, 'Minglanilla'),
(500, 25, 'Moalboal'),
(501, 25, 'Oslob'),
(502, 25, 'Pilar'),
(503, 25, 'Pinamungajan'),
(504, 25, 'Poro'),
(505, 25, 'Ronda'),
(506, 25, 'Samboan'),
(507, 25, 'San Fernando'),
(508, 25, 'San Francisco'),
(509, 25, 'San Remigio'),
(510, 25, 'Santa Fe'),
(511, 25, 'Santander'),
(512, 25, 'Sibonga'),
(513, 25, 'Sogod'),
(514, 25, 'Tabogon'),
(515, 25, 'Tabuelan'),
(516, 25, 'Tuburan'),
(517, 25, 'Tudela'),
(518, 26, 'Compostela'),
(519, 26, 'Laak'),
(520, 26, 'Mabini'),
(521, 26, 'Maco'),
(522, 26, 'Maragusan'),
(523, 26, 'Mawab'),
(524, 26, 'Monkayo'),
(525, 26, 'Montevista'),
(526, 26, 'Nabunturan'),
(527, 26, 'New Bataan'),
(528, 26, 'Pantukan'),
(529, 27, 'Alamada'),
(530, 27, 'Aleosan'),
(531, 27, 'Antipas'),
(532, 27, 'Arakan'),
(533, 27, 'Banisilan'),
(534, 27, 'Carmen'),
(535, 27, 'Kabacan'),
(536, 27, 'Kidapawan'),
(537, 27, 'Libungan'),
(538, 27, 'M''lang'),
(539, 27, 'Magpet'),
(540, 27, 'Makilala'),
(541, 27, 'Matalam'),
(542, 27, 'Midsayap'),
(543, 27, 'Pigcawayan'),
(544, 27, 'Pikit'),
(545, 27, 'President Roxas'),
(546, 27, 'Tulunan'),
(547, 28, 'Asuncion'),
(548, 28, 'Braulio E. Dujali'),
(549, 28, 'Carmen'),
(550, 28, 'Kapalong'),
(551, 28, 'New Corella'),
(552, 28, 'Panabo'),
(553, 28, 'Samal'),
(554, 28, 'San Isidro'),
(555, 28, 'Santo Tomas'),
(556, 28, 'Tagum'),
(557, 28, 'Talaingod'),
(558, 29, 'Bansalan'),
(559, 29, 'Davao City'),
(560, 29, 'Digos'),
(561, 29, 'Hagonoy'),
(562, 29, 'Kiblawan'),
(563, 29, 'Magsaysay'),
(564, 29, 'Malalag'),
(565, 29, 'Matanao'),
(566, 29, 'Padada'),
(567, 29, 'Santa Cruz'),
(568, 29, 'Sulop'),
(569, 30, 'Don Marcelino'),
(570, 30, 'Jose Abad Santos'),
(571, 30, 'Malita'),
(572, 30, 'Santa Maria'),
(573, 30, 'Sarangani'),
(574, 31, 'Baganga'),
(575, 31, 'Banaybanay'),
(576, 31, 'Boston'),
(577, 31, 'Caraga'),
(578, 31, 'Cateel'),
(579, 31, 'Governor Generoso'),
(580, 31, 'Lupon'),
(581, 31, 'Manay'),
(582, 31, 'Mati'),
(583, 31, 'San Isidro'),
(584, 31, 'Tarragona'),
(585, 32, 'Basilisa '),
(586, 32, 'Cagdianao'),
(587, 32, 'Dinagat'),
(588, 32, 'Libjo '),
(589, 32, 'Loreto'),
(590, 32, 'San Jose'),
(591, 32, 'Tubajon'),
(592, 33, 'Arteche'),
(593, 33, 'Balangiga'),
(594, 33, 'Balangkayan'),
(595, 33, 'Borongan'),
(596, 33, 'Can-avid'),
(597, 33, 'Dolores'),
(598, 33, 'General MacArthur'),
(599, 33, 'Giporlos'),
(600, 33, 'Guiuan'),
(601, 33, 'Hernani'),
(602, 33, 'Jipapad'),
(603, 33, 'Lawaan'),
(604, 33, 'Llorente'),
(605, 33, 'Maslog'),
(606, 33, 'Maydolong'),
(607, 33, 'Mercedes'),
(608, 33, 'Oras'),
(609, 33, 'Quinapondan'),
(610, 33, 'Salcedo'),
(611, 33, 'San Julian'),
(612, 33, 'San Policarpo'),
(613, 33, 'Sulat'),
(614, 33, 'Taft'),
(615, 34, 'Buenavista'),
(616, 34, 'Jordan'),
(617, 34, 'Nueva Valencia'),
(618, 34, 'San Lorenzo'),
(619, 34, 'Sibunag'),
(620, 35, 'Aguinaldo'),
(621, 35, 'Alfonso Lista'),
(622, 35, 'Asipulo'),
(623, 35, 'Banaue'),
(624, 35, 'Hingyon'),
(625, 35, 'Hungduan'),
(626, 35, 'Kiangan'),
(627, 35, 'Lagawe'),
(628, 35, 'Lamut'),
(629, 35, 'Mayoyao'),
(630, 35, 'Tinoc'),
(631, 36, 'Adams'),
(632, 36, 'Bacarra'),
(633, 36, 'Badoc'),
(634, 36, 'Bangui'),
(635, 36, 'Banna'),
(636, 36, 'Batac'),
(637, 36, 'Burgos'),
(638, 36, 'Carasi'),
(639, 36, 'Currimao'),
(640, 36, 'Dingras'),
(641, 36, 'Dumalneg'),
(642, 36, 'Laoag'),
(643, 36, 'Marcos'),
(644, 36, 'Nueva Era'),
(645, 36, 'Pagudpud'),
(646, 36, 'Paoay'),
(647, 36, 'Pasuquin'),
(648, 36, 'Piddig'),
(649, 36, 'Pinili'),
(650, 36, 'San Nicolas'),
(651, 36, 'Sarrat'),
(652, 36, 'Solsona'),
(653, 36, 'Vintar'),
(654, 37, 'Alilem'),
(655, 37, 'Banayoyo'),
(656, 37, 'Bantay'),
(657, 37, 'Burgos'),
(658, 37, 'Cabugao'),
(659, 37, 'Candon'),
(660, 37, 'Caoayan'),
(661, 37, 'Cervantes'),
(662, 37, 'Galimuyod'),
(663, 37, 'Gregorio del Pilar '),
(664, 37, 'Lidlidda'),
(665, 37, 'Magsingal'),
(666, 37, 'Nagbukel'),
(667, 37, 'Narvacan'),
(668, 37, 'Quirino '),
(669, 37, 'Salcedo'),
(670, 37, 'San Emilio'),
(671, 37, 'San Esteban'),
(672, 37, 'San Ildefonso'),
(673, 37, 'San Juan'),
(674, 37, 'San Vicente'),
(675, 37, 'Santa'),
(676, 37, 'Santa Catalina'),
(677, 37, 'Santa Cruz'),
(678, 37, 'Santa Lucia'),
(679, 37, 'Santa Maria'),
(680, 37, 'Santiago'),
(681, 37, 'Santo Domingo'),
(682, 37, 'Sigay'),
(683, 37, 'Sinait'),
(684, 37, 'Sugpon'),
(685, 37, 'Suyo'),
(686, 37, 'Tagudin'),
(687, 37, 'Vigan'),
(688, 38, 'Ajuy'),
(689, 38, 'Alimodian'),
(690, 38, 'Anilao'),
(691, 38, 'Badiangan'),
(692, 38, 'Balasan'),
(693, 38, 'Banate'),
(694, 38, 'Barotac Nuevo'),
(695, 38, 'Barotac Viejo'),
(696, 38, 'Batad'),
(697, 38, 'Bingawan'),
(698, 38, 'Cabatuan'),
(699, 38, 'Calinog'),
(700, 38, 'Carles'),
(701, 38, 'Concepcion'),
(702, 38, 'Dingle'),
(703, 38, 'Dueñas'),
(704, 38, 'Dumangas'),
(705, 38, 'Estancia'),
(706, 38, 'Guimbal'),
(707, 38, 'Igbaras'),
(708, 38, 'Iloilo City'),
(709, 38, 'Janiuay'),
(710, 38, 'Lambunao'),
(711, 38, 'Leganes'),
(712, 38, 'Lemery'),
(713, 38, 'Leon'),
(714, 38, 'Maasin'),
(715, 38, 'Miagao'),
(716, 38, 'Mina'),
(717, 38, 'New Lucena'),
(718, 38, 'Oton'),
(719, 38, 'Passi'),
(720, 38, 'Pavia'),
(721, 38, 'Pototan'),
(722, 38, 'San Dionisio'),
(723, 38, 'San Enrique'),
(724, 38, 'San Joaquin'),
(725, 38, 'San Miguel'),
(726, 38, 'San Rafael'),
(727, 38, 'Santa Barbara'),
(728, 38, 'Sara'),
(729, 38, 'Tigbauan'),
(730, 38, 'Tubungan'),
(731, 38, 'Zarraga'),
(732, 39, 'Alicia'),
(733, 39, 'Angadanan'),
(734, 39, 'Aurora'),
(735, 39, 'Benito Soliven'),
(736, 39, 'Burgos'),
(737, 39, 'Cabagan'),
(738, 39, 'Cabatuan'),
(739, 39, 'Cauayan'),
(740, 39, 'Cordon'),
(741, 39, 'Delfin Albano '),
(742, 39, 'Dinapigue'),
(743, 39, 'Divilacan'),
(744, 39, 'Echague'),
(745, 39, 'Gamu'),
(746, 39, 'Ilagan'),
(747, 39, 'Jones'),
(748, 39, 'Luna'),
(749, 39, 'Maconacon'),
(750, 39, 'Mallig'),
(751, 39, 'Naguilian'),
(752, 39, 'Palanan'),
(753, 39, 'Quezon'),
(754, 39, 'Quirino'),
(755, 39, 'Ramon'),
(756, 39, 'Reina Mercedes'),
(757, 39, 'Roxas'),
(758, 39, 'San Agustin'),
(759, 39, 'San Guillermo'),
(760, 39, 'San Isidro'),
(761, 39, 'San Manuel '),
(762, 39, 'San Mariano'),
(763, 39, 'San Mateo'),
(764, 39, 'San Pablo'),
(765, 39, 'Santa Maria'),
(766, 39, 'Santiago'),
(767, 39, 'Santo Tomas'),
(768, 39, 'Tumauini'),
(769, 40, 'Balbalan'),
(770, 40, 'Lubuagan'),
(771, 40, 'Pasil'),
(772, 40, 'Pinukpuk'),
(773, 40, 'Rizal'),
(774, 40, 'Tabuk'),
(775, 40, 'Tanudan'),
(776, 40, 'Tinglayan'),
(777, 41, 'San Fernando'),
(779, 41, 'Agoo'),
(780, 41, 'Aringay'),
(781, 41, 'Bacnotan'),
(782, 41, 'Bagulin'),
(783, 41, 'Balaoan'),
(784, 41, 'Bangar'),
(785, 41, 'Bauang'),
(786, 41, 'Burgos'),
(787, 41, 'Caba'),
(788, 41, 'Luna'),
(789, 41, 'Naguilian'),
(790, 41, 'Pugo'),
(791, 41, 'Rosario'),
(792, 41, 'San Gabriel'),
(793, 41, 'San Juan'),
(794, 41, 'Santo Tomas'),
(795, 41, 'Santol'),
(796, 41, 'Sudipen'),
(797, 41, 'Tubao'),
(798, 42, 'Alaminos'),
(799, 42, 'Bay'),
(800, 42, 'Biñan'),
(801, 42, 'Cabuyao'),
(802, 42, 'Calamba'),
(803, 42, 'Calauan'),
(804, 42, 'Cavinti'),
(805, 42, 'Famy'),
(806, 42, 'Kalayaan'),
(807, 42, 'Liliw'),
(808, 42, 'Los Baños'),
(809, 42, 'Luisiana'),
(810, 42, 'Lumban'),
(811, 42, 'Mabitac'),
(812, 42, 'Magdalena'),
(813, 42, 'Majayjay'),
(814, 42, 'Nagcarlan'),
(815, 42, 'Paete'),
(816, 42, 'Pagsanjan'),
(817, 42, 'Pakil'),
(818, 42, 'Pangil'),
(819, 42, 'Pila'),
(820, 42, 'Rizal'),
(821, 42, 'San Pablo'),
(822, 42, 'San Pedro'),
(823, 42, 'Santa Cruz'),
(824, 42, 'Santa Maria'),
(825, 42, 'Santa Rosa'),
(826, 42, 'Siniloan'),
(827, 42, 'Victoria'),
(828, 43, 'Bacolod'),
(829, 43, 'Baloi'),
(830, 43, 'Baroy'),
(831, 43, 'Iligan'),
(832, 43, 'Kapatagan'),
(833, 43, 'Kauswagan'),
(834, 43, 'Kolambugan'),
(835, 43, 'Lala'),
(836, 43, 'Linamon'),
(837, 43, 'Magsaysay'),
(838, 43, 'Maigo'),
(839, 43, 'Matungao'),
(840, 43, 'Munai'),
(841, 43, 'Nunungan'),
(842, 43, 'Pantao Ragat'),
(843, 43, 'Pantar'),
(844, 43, 'Poona Piagapo'),
(845, 43, 'Salvador'),
(846, 43, 'Sapad'),
(847, 43, 'Sultan Naga Dimaporo'),
(848, 43, 'Tagoloan'),
(849, 43, 'Tangcal'),
(850, 43, 'Tubod'),
(851, 44, 'Amai Manabilang '),
(852, 44, 'Bacolod-Kalawi'),
(853, 44, 'Balabagan'),
(854, 44, 'Balindong'),
(855, 44, 'Bayang'),
(856, 44, 'Binidayan'),
(857, 44, 'Buadiposo-Buntong'),
(858, 44, 'Bubong'),
(859, 44, 'Butig'),
(860, 44, 'Calanogas'),
(861, 44, 'Ditsaan-Ramain'),
(862, 44, 'Ganassi'),
(863, 44, 'Kapai'),
(864, 44, 'Kapatagan'),
(865, 44, 'Lumba-Bayabao'),
(866, 44, 'Lumbaca-Unayan'),
(867, 44, 'Lumbatan'),
(868, 44, 'Lumbayanague'),
(869, 44, 'Madalum'),
(870, 44, 'Madamba'),
(871, 44, 'Maguing'),
(872, 44, 'Malabang'),
(873, 44, 'Marantao'),
(874, 44, 'Marawi'),
(875, 44, 'Marogong'),
(876, 44, 'Masiu'),
(877, 44, 'Mulondo'),
(878, 44, 'Pagayawan'),
(879, 44, 'Piagapo'),
(880, 44, 'Picong'),
(881, 44, 'Poona Bayabao'),
(882, 44, 'Pualas'),
(883, 44, 'Saguiaran'),
(884, 44, 'Sultan Dumalondong'),
(885, 44, 'Tagoloan II'),
(886, 44, 'Tamparan'),
(887, 44, 'Taraka'),
(888, 44, 'Tubaran'),
(889, 44, 'Tugaya'),
(890, 44, 'Wao'),
(891, 45, 'Abuyog'),
(892, 45, 'Alangalang'),
(893, 45, 'Albuera'),
(894, 45, 'Babatngon'),
(895, 45, 'Barugo'),
(896, 45, 'Bato'),
(897, 45, 'Burauen'),
(898, 45, 'Calubian'),
(899, 45, 'Capoocan'),
(900, 45, 'Carigara'),
(901, 45, 'Dagami'),
(902, 45, 'Dulag'),
(903, 45, 'Hilongos'),
(904, 45, 'Hindang'),
(905, 45, 'Inopacan'),
(906, 45, 'Isabel'),
(907, 45, 'Jaro'),
(908, 45, 'Javier'),
(909, 45, 'Julita'),
(910, 45, 'Kananga'),
(911, 45, 'La Paz'),
(912, 45, 'Leyte'),
(913, 45, 'MacArthur'),
(914, 45, 'Mahaplag'),
(915, 45, 'Matag-ob'),
(916, 45, 'Matalom'),
(917, 45, 'Mayorga'),
(918, 45, 'Merida'),
(919, 45, 'Palo'),
(920, 45, 'Palompon'),
(921, 45, 'Pastrana'),
(922, 45, 'San Isidro'),
(923, 45, 'San Miguel'),
(924, 45, 'Santa Fe'),
(925, 45, 'Tabango'),
(926, 45, 'Tabontabon'),
(927, 45, 'Tanauan'),
(928, 45, 'Tolosa'),
(929, 45, 'Tunga'),
(930, 45, 'Villaba'),
(931, 45, 'Baybay'),
(932, 45, 'Ormoc'),
(933, 45, 'Tacloban'),
(934, 46, 'Ampatuan'),
(935, 46, 'Barira'),
(936, 46, 'Buldon'),
(937, 46, 'Buluan'),
(938, 46, 'Datu Abdullah Sangki'),
(939, 46, 'Datu Anggal Midtimbang'),
(940, 46, 'Datu Blah T. Sinsuat'),
(941, 46, 'Datu Hoffer Ampatuan'),
(943, 46, 'Datu Montawal'),
(944, 46, 'Datu Odin Sinsuat'),
(945, 46, 'Datu Paglas'),
(946, 46, 'Datu Piang'),
(947, 46, 'Datu Salibo'),
(948, 46, 'Datu Saudi-Ampatuan'),
(949, 46, 'Datu Unsay'),
(950, 46, 'General Salipada K. Pendatun'),
(951, 46, 'Guindulungan'),
(952, 46, 'Kabuntalan'),
(953, 46, 'Mamasapano'),
(954, 46, 'Mangudadatu'),
(955, 46, 'Matanog'),
(956, 46, 'Northern Kabuntalan'),
(957, 46, 'Pagalungan'),
(958, 46, 'Paglat'),
(959, 46, 'Pandag'),
(960, 46, 'Parang'),
(961, 46, 'Rajah Buayan'),
(962, 46, 'Shariff Aguak'),
(963, 46, 'Shariff Saydona Mustapha'),
(964, 46, 'South Upi'),
(965, 46, 'Sultan Kudarat'),
(966, 46, 'Sultan Mastura'),
(967, 46, 'Sultan sa Barongis'),
(968, 46, 'Sultan Sumagka'),
(969, 46, 'Talayan'),
(970, 46, 'Upi'),
(971, 46, 'Cotabato City'),
(972, 47, 'Boac'),
(973, 47, 'Buenavista'),
(974, 47, 'Gasan'),
(975, 47, 'Mogpog'),
(976, 47, 'Santa Cruz'),
(977, 47, 'Torrijos'),
(978, 48, 'Masbate City'),
(979, 48, 'Aroroy'),
(980, 48, 'Baleno'),
(981, 48, 'Balud'),
(982, 48, 'Batuan'),
(983, 48, 'Cataingan'),
(984, 48, 'Cawayan'),
(985, 48, 'Claveria'),
(986, 48, 'Dimasalang'),
(987, 48, 'Esperanza'),
(988, 48, 'Mandaon'),
(989, 48, 'Milagros'),
(990, 48, 'Mobo'),
(991, 48, 'Monreal'),
(992, 48, 'Palanas'),
(993, 48, 'Pio V. Corpuz'),
(994, 48, 'Placer'),
(995, 48, 'San Fernando'),
(996, 48, 'San Jacinto'),
(997, 48, 'San Pascual'),
(998, 48, 'Uson'),
(1000, 50, 'Oroquieta'),
(1001, 50, 'Ozamiz'),
(1002, 50, 'Tangub'),
(1003, 50, 'Aloran'),
(1004, 50, 'Baliangao'),
(1005, 50, 'Bonifacio'),
(1006, 50, 'Calamba'),
(1007, 50, 'Clarin'),
(1008, 50, 'Concepcion'),
(1009, 50, 'Don Victoriano Chiongbian'),
(1010, 50, 'Jimenez'),
(1011, 50, 'Lopez Jaena'),
(1012, 50, 'Panaon'),
(1013, 50, 'Plaridel'),
(1014, 50, 'Sapang Dalaga'),
(1015, 50, 'Sinacaban'),
(1016, 50, 'Tudela'),
(1017, 51, 'Alubijid'),
(1018, 51, 'Balingasag'),
(1019, 51, 'Balingoan'),
(1020, 51, 'Binuangan'),
(1021, 51, 'Claveria'),
(1022, 51, 'Gitagum'),
(1023, 51, 'Initao'),
(1024, 51, 'Jasaan'),
(1025, 51, 'Kinoguitan'),
(1026, 51, 'Lagonglong'),
(1027, 51, 'Laguindingan'),
(1028, 51, 'Libertad'),
(1029, 51, 'Lugait'),
(1030, 51, 'Magsaysay'),
(1031, 51, 'Manticao'),
(1032, 51, 'Medina'),
(1033, 51, 'Naawan'),
(1034, 51, 'Opol'),
(1035, 51, 'Salay'),
(1036, 51, 'Sugbongcogon'),
(1037, 51, 'Tagoloan'),
(1038, 51, 'Talisayan'),
(1039, 51, 'Villanueva'),
(1040, 51, 'El Salvador'),
(1041, 51, 'Gingoog'),
(1042, 51, 'Cagayan de Oro'),
(1043, 52, 'Barlig'),
(1044, 52, 'Bauko'),
(1045, 52, 'Besao'),
(1046, 52, 'Bontoc'),
(1047, 52, 'Natonin'),
(1048, 52, 'Paracelis'),
(1049, 52, 'Sabangan'),
(1050, 52, 'Sadanga'),
(1051, 52, 'Sagada'),
(1052, 52, 'Tadian'),
(1053, 53, 'Bacolod'),
(1054, 53, 'Sagay'),
(1055, 53, 'San Carlos'),
(1056, 53, 'Silay'),
(1057, 53, 'Sipalay'),
(1058, 53, 'Talisay'),
(1059, 53, 'Victorias'),
(1060, 53, 'Pulupandan'),
(1061, 53, 'Salvador Benedicto'),
(1062, 53, 'San Enrique'),
(1063, 53, 'Toboso'),
(1064, 53, 'Valladolid'),
(1065, 53, 'La Castellana'),
(1066, 53, 'Manapla'),
(1067, 53, 'Moises Padilla'),
(1069, 53, 'Murcia'),
(1070, 53, 'Pontevedra'),
(1071, 53, 'Enrique B. Magalona'),
(1072, 53, 'Hinigaran'),
(1073, 53, 'Hinoba-an'),
(1074, 53, 'Ilog'),
(1075, 53, 'Isabela'),
(1076, 53, 'Binalbagan'),
(1077, 53, 'Calatrava'),
(1078, 53, 'Candoni'),
(1079, 53, 'Cauayan'),
(1080, 53, 'Bago'),
(1081, 53, 'Cadiz'),
(1082, 53, 'Escalante'),
(1083, 53, 'Himamaylan'),
(1084, 53, 'Kabankalan'),
(1085, 53, 'La Carlota'),
(1086, 54, 'Bais'),
(1087, 54, 'Bayawan'),
(1088, 54, 'Canlaon'),
(1089, 54, 'Dumaguete'),
(1090, 54, 'Guihulngan'),
(1091, 54, 'Tanjay'),
(1092, 54, 'Amlan'),
(1093, 54, 'Ayungon'),
(1094, 54, 'Bacong'),
(1095, 54, 'Basay'),
(1096, 54, 'Bindoy'),
(1097, 54, 'Dauin '),
(1098, 54, 'Jimalalud'),
(1099, 54, 'La Libertad'),
(1100, 54, 'Mabinay'),
(1101, 54, 'Manjuyod'),
(1102, 54, 'Pamplona'),
(1103, 54, 'San Jose'),
(1104, 54, 'Santa Catalina'),
(1105, 54, 'Siaton'),
(1106, 54, 'Sibulan'),
(1107, 54, 'Tayasan'),
(1108, 54, 'Valencia'),
(1109, 54, 'Vallehermoso'),
(1110, 54, 'Zamboanguita'),
(1111, 55, 'Allen'),
(1112, 55, 'Biri'),
(1113, 55, 'Bobon'),
(1114, 55, 'Capul'),
(1115, 55, 'Catarman'),
(1116, 55, 'Catubig'),
(1117, 55, 'Gamay'),
(1118, 55, 'Laoang'),
(1119, 55, 'Lapinig'),
(1120, 55, 'Las Navas'),
(1121, 55, 'Lavezares'),
(1122, 55, 'Lope de Vega'),
(1123, 55, 'Mapanas'),
(1124, 55, 'Mondragon'),
(1125, 55, 'Palapag'),
(1126, 55, 'Pambujan'),
(1127, 55, 'Rosario'),
(1128, 55, 'San Antonio'),
(1129, 55, 'San Isidro'),
(1130, 55, 'San Jose'),
(1131, 55, 'San Roque'),
(1132, 55, 'San Vicente'),
(1133, 55, 'Silvino Lobos'),
(1134, 55, 'Victoria'),
(1135, 56, 'Cabanatuan'),
(1136, 56, 'Gapan'),
(1137, 56, 'Muñoz'),
(1138, 56, 'Palayan'),
(1139, 56, 'San Jose'),
(1140, 56, 'Aliaga'),
(1141, 56, 'Bongabon'),
(1142, 56, 'Cabiao'),
(1143, 56, 'Carranglan'),
(1144, 56, 'Cuyapo'),
(1145, 56, 'Gabaldon'),
(1146, 56, 'General Mamerto Natividad'),
(1147, 56, 'General Tinio'),
(1148, 56, 'Guimba'),
(1149, 56, 'Jaen'),
(1150, 56, 'Laur'),
(1151, 56, 'Licab'),
(1152, 56, 'Llanera'),
(1153, 56, 'Lupao'),
(1154, 56, 'Nampicuan'),
(1155, 56, 'Pantabangan'),
(1156, 56, 'Peñaranda'),
(1157, 56, 'Quezon'),
(1158, 56, 'Rizal'),
(1159, 56, 'San Antonio'),
(1160, 56, 'San Isidro'),
(1161, 56, 'San Leonardo'),
(1162, 56, 'Santa Rosa'),
(1163, 56, 'Santo Domingo'),
(1164, 56, 'Talavera'),
(1165, 56, 'Talugtug'),
(1166, 56, 'Zaragoza'),
(1167, 57, 'Abra de Ilog'),
(1168, 57, 'Calintaan'),
(1169, 57, 'Looc'),
(1170, 57, 'Lubang'),
(1171, 57, 'Magsaysay'),
(1172, 57, 'Mamburao'),
(1173, 57, 'Paluan'),
(1174, 57, 'Rizal'),
(1175, 57, 'Sablayan'),
(1176, 57, 'San Jose'),
(1177, 57, 'Santa Cruz'),
(1178, 58, 'Calapan'),
(1179, 58, 'Baco'),
(1180, 58, 'Bansud'),
(1181, 58, 'Bongabong'),
(1182, 58, 'Bulalacao'),
(1183, 58, 'Gloria'),
(1184, 58, 'Mansalay'),
(1185, 58, 'Naujan'),
(1186, 58, 'Pinamalayan'),
(1187, 58, 'Pola'),
(1188, 58, 'Puerto Galera'),
(1189, 58, 'Roxas'),
(1190, 58, 'San Teodoro'),
(1191, 58, 'Socorro'),
(1192, 58, 'Victoria'),
(1193, 59, 'Puerto Princesa'),
(1194, 59, 'Aborlan'),
(1195, 59, 'Agutaya'),
(1196, 59, 'Araceli'),
(1197, 59, 'Balabac'),
(1198, 59, 'Bataraza'),
(1199, 59, 'Brooke''s Point'),
(1200, 59, 'Busuanga'),
(1201, 59, 'Cagayancillo'),
(1202, 59, 'Coron'),
(1203, 59, 'Culion'),
(1204, 59, 'Cuyo'),
(1205, 59, 'Dumaran'),
(1206, 59, 'El Nido'),
(1207, 59, 'Kalayaan'),
(1208, 59, 'Linapacan'),
(1209, 59, 'Magsaysay'),
(1210, 59, 'Roxas'),
(1211, 59, 'San Vicente'),
(1212, 59, 'Sofronio Española'),
(1213, 59, 'Taytay'),
(1215, 59, 'Narra'),
(1216, 59, 'Quezon'),
(1217, 59, 'Rizal'),
(1218, 60, 'Angeles'),
(1219, 60, 'Mabalacat'),
(1220, 60, 'San Fernando'),
(1221, 60, 'Apalit'),
(1222, 60, 'Arayat'),
(1223, 60, 'Candaba'),
(1224, 60, 'Floridablanca'),
(1225, 60, 'Guagua'),
(1226, 60, 'Lubao'),
(1227, 60, 'Macabebe'),
(1228, 60, 'Magalang'),
(1229, 60, 'Masantol'),
(1230, 60, 'Mexico'),
(1231, 60, 'Minalin'),
(1232, 60, 'Porac'),
(1233, 60, 'San Luis'),
(1234, 60, 'San Simon'),
(1235, 60, 'Santa Ana'),
(1236, 60, 'Santa Rita'),
(1237, 60, 'Santo Tomas'),
(1238, 60, 'Sasmuan'),
(1239, 60, 'Villa de Bacolor'),
(1240, 61, 'Dagupan'),
(1241, 61, 'Alaminos'),
(1242, 61, 'San Carlos'),
(1243, 61, 'Urdaneta'),
(1244, 61, 'Agno'),
(1245, 61, 'Aguilar'),
(1246, 61, 'Alcala'),
(1247, 61, 'Anda'),
(1248, 61, 'Asingan'),
(1249, 61, 'Balungao'),
(1250, 61, 'Bani'),
(1251, 61, 'Basista'),
(1252, 61, 'Bautista'),
(1253, 61, 'Bayambang'),
(1254, 61, 'Binalonan'),
(1255, 61, 'Binmaley'),
(1256, 61, 'Bolinao'),
(1257, 61, 'Bugallon'),
(1258, 61, 'Burgos'),
(1259, 61, 'Calasiao'),
(1260, 61, 'Dasol'),
(1261, 61, 'Infanta'),
(1262, 61, 'Labrador'),
(1263, 61, 'Laoac'),
(1264, 61, 'Lingayen'),
(1265, 61, 'Mabini'),
(1266, 61, 'Malasiqui'),
(1267, 61, 'Manaoag'),
(1268, 61, 'Mangaldan'),
(1269, 61, 'Mangatarem'),
(1270, 61, 'Mapandan'),
(1271, 61, 'Natividad'),
(1272, 61, 'Pozorrubio'),
(1273, 61, 'Rosales'),
(1274, 61, 'San Fabian'),
(1275, 61, 'San Jacinto'),
(1276, 61, 'San Manuel'),
(1277, 61, 'San Nicolas'),
(1278, 61, 'San Quintin'),
(1279, 61, 'Santa Barbara'),
(1280, 61, 'Santa Maria'),
(1281, 61, 'Santo Tomas'),
(1282, 61, 'Sison'),
(1283, 61, 'Sual'),
(1284, 61, 'Tayug'),
(1285, 61, 'Umingan'),
(1286, 61, 'Urbiztondo'),
(1287, 61, 'Villasis'),
(1289, 62, 'Lucena'),
(1290, 62, 'Tayabas'),
(1291, 62, 'Agdangan'),
(1292, 62, 'Alabat'),
(1293, 62, 'Atimonan'),
(1294, 62, 'Buenavista'),
(1295, 62, 'Burdeos'),
(1296, 62, 'Calauag'),
(1297, 62, 'Candelaria'),
(1298, 62, 'Catanauan'),
(1299, 62, 'Dolores'),
(1300, 62, 'General Luna'),
(1301, 62, 'General Nakar'),
(1302, 62, 'Guinayangan'),
(1303, 62, 'Gumaca'),
(1304, 62, 'Infanta'),
(1305, 62, 'Jomalig'),
(1306, 62, 'Lopez'),
(1307, 62, 'Lucban'),
(1308, 62, 'Macalelon'),
(1309, 62, 'Mauban'),
(1310, 62, 'Mulanay'),
(1311, 62, 'Padre Burgos'),
(1312, 62, 'Pagbilao'),
(1313, 62, 'Panukulan'),
(1314, 62, 'Patnanungan'),
(1315, 62, 'Perez'),
(1316, 62, 'Pitogo'),
(1317, 62, 'Plaridel'),
(1318, 62, 'Polillo'),
(1319, 62, 'Quezon'),
(1320, 62, 'Real'),
(1321, 62, 'Sampaloc'),
(1322, 62, 'San Andres'),
(1323, 62, 'San Antonio'),
(1324, 62, 'San Francisco'),
(1325, 62, 'San Narciso'),
(1326, 62, 'Sariaya'),
(1327, 62, 'Tagkawayan'),
(1328, 62, 'Tiaong'),
(1329, 62, 'Unisan'),
(1330, 63, 'Aglipay'),
(1331, 63, 'Cabarroguis'),
(1332, 63, 'Diffun'),
(1333, 63, 'Maddela'),
(1334, 63, 'Nagtipunan'),
(1335, 63, 'Saguday'),
(1336, 64, 'Antipolo'),
(1337, 64, 'Angono'),
(1339, 64, 'Baras'),
(1340, 64, 'Binangonan'),
(1341, 64, 'Cainta'),
(1342, 64, 'Cardona'),
(1343, 64, 'Jalajala'),
(1344, 64, 'Morong'),
(1345, 64, 'Pililla'),
(1346, 64, 'Rodriguez'),
(1347, 64, 'San Mateo'),
(1348, 64, 'Tanay'),
(1349, 64, 'Taytay'),
(1350, 64, 'Teresa'),
(1351, 65, 'Alcantara'),
(1352, 65, 'Banton'),
(1353, 65, 'Cajidiocan'),
(1354, 65, 'Calatrava'),
(1355, 65, 'Concepcion'),
(1356, 65, 'Corcuera'),
(1357, 65, 'Ferrol'),
(1358, 65, 'Looc'),
(1359, 65, 'Magdiwang'),
(1360, 65, 'Odiongan'),
(1361, 65, 'Romblon'),
(1362, 65, 'San Agustin'),
(1363, 65, 'San Andres'),
(1364, 65, 'San Fernando'),
(1365, 65, 'San Jose'),
(1366, 65, 'Santa Fe'),
(1367, 65, 'Santa Maria'),
(1368, 66, 'Almagro'),
(1369, 66, 'Basey'),
(1370, 66, 'Calbiga'),
(1371, 66, 'Daram'),
(1372, 66, 'Gandara'),
(1373, 66, 'Hinabangan'),
(1374, 66, 'Jiabong'),
(1375, 66, 'Marabut'),
(1376, 66, 'Matuguinao'),
(1377, 66, 'Motiong'),
(1378, 66, 'Pagsanghan'),
(1379, 66, 'Paranas'),
(1380, 66, 'Pinabacdao'),
(1381, 66, 'San Jorge'),
(1382, 66, 'San Jose de Buan'),
(1383, 66, 'San Sebastian'),
(1384, 66, 'Santa Margarita'),
(1385, 66, 'Santa Rita'),
(1386, 66, 'Santo Niño'),
(1387, 66, 'Tagapul-an'),
(1388, 66, 'Talalora'),
(1389, 66, 'Tarangnan'),
(1390, 66, 'Villareal'),
(1391, 66, 'Zumarraga'),
(1392, 66, 'Catbalogan'),
(1393, 66, 'Calbayog'),
(1394, 67, 'Alabel'),
(1395, 67, 'Glan'),
(1396, 67, 'Kiamba'),
(1397, 67, 'Maasim'),
(1398, 67, 'Maitum'),
(1399, 67, 'Malapatan'),
(1400, 67, 'Malungon'),
(1401, 68, 'Enrique Villanueva'),
(1402, 68, 'Larena'),
(1403, 68, 'Lazi'),
(1404, 68, 'Maria'),
(1405, 68, 'San Juan'),
(1406, 68, 'Siquijor'),
(1407, 69, 'Sorsogon'),
(1408, 69, 'Barcelona'),
(1409, 69, 'Bulan'),
(1410, 69, 'Bulusan'),
(1411, 69, 'Casiguran'),
(1412, 69, 'Castilla'),
(1413, 69, 'Donsol'),
(1414, 69, 'Gubat'),
(1415, 69, 'Irosin'),
(1416, 69, 'Juban'),
(1417, 69, 'Magallanes'),
(1418, 69, 'Matnog'),
(1419, 69, 'Pilar'),
(1420, 69, 'Prieto Diaz'),
(1421, 69, 'Santa Magdalena'),
(1422, 70, 'General Santos'),
(1423, 70, 'Koronadal'),
(1424, 70, 'Banga'),
(1425, 70, 'Lake Sebu'),
(1426, 70, 'Norala'),
(1427, 70, 'Polomolok'),
(1428, 70, 'Santo Niño'),
(1429, 70, 'Surallah'),
(1430, 70, 'T''Boli'),
(1431, 70, 'Tampakan'),
(1432, 70, 'Tantangan'),
(1433, 70, 'Tupi'),
(1434, 71, 'Maasin'),
(1435, 71, 'Anahawan'),
(1436, 71, 'Bontoc'),
(1437, 71, 'Hinunangan'),
(1438, 71, 'Hinundayan'),
(1439, 71, 'Libagon'),
(1440, 71, 'Liloan'),
(1441, 71, 'Limasawa'),
(1442, 71, 'Macrohon'),
(1443, 71, 'Malitbog'),
(1444, 71, 'Padre Burgos'),
(1445, 71, 'Pintuyan'),
(1446, 71, 'Saint Bernard'),
(1447, 71, 'San Francisco'),
(1448, 71, 'San Juan'),
(1449, 71, 'San Ricardo'),
(1450, 71, 'Silago'),
(1451, 71, 'Sogod'),
(1452, 71, 'Tomas Oppus'),
(1453, 72, 'Tacurong'),
(1454, 72, 'Bagumbayan'),
(1455, 72, 'Columbio'),
(1456, 72, 'Esperanza'),
(1457, 72, 'Isulan'),
(1458, 72, 'Kalamansig'),
(1459, 72, 'Lambayong'),
(1460, 72, 'Lebak'),
(1461, 72, 'Lutayan'),
(1462, 72, 'Palimbang'),
(1463, 72, 'President Quirino'),
(1464, 72, 'Senator Ninoy Aquino'),
(1465, 73, 'Banguingui'),
(1466, 73, 'Hadji Panglima Tahil'),
(1467, 73, 'Indanan'),
(1468, 73, 'Jolo'),
(1469, 73, 'Kalingalan Caluang'),
(1470, 73, 'Lugus'),
(1471, 73, 'Luuk'),
(1472, 73, 'Maimbung'),
(1473, 73, 'Old Panamao'),
(1474, 73, 'Omar'),
(1475, 73, 'Panglima Estino'),
(1476, 73, 'Pangutaran'),
(1477, 73, 'Parang'),
(1478, 73, 'Pata'),
(1479, 73, 'Patikul'),
(1480, 73, 'Siasi'),
(1481, 73, 'Talipao'),
(1482, 73, 'Tapul'),
(1483, 73, 'Pandami'),
(1484, 74, 'Surigao City'),
(1485, 74, 'Alegria'),
(1486, 74, 'Bacuag'),
(1487, 74, 'Burgos'),
(1488, 74, 'Claver'),
(1489, 74, 'Dapa'),
(1490, 74, 'Del Carmen'),
(1491, 74, 'General Luna'),
(1492, 74, 'Gigaquit'),
(1493, 74, 'Mainit'),
(1494, 74, 'Malimono'),
(1495, 74, 'Pilar'),
(1496, 74, 'Placer'),
(1497, 74, 'San Benito'),
(1498, 74, 'San Francisco'),
(1499, 74, 'San Isidro'),
(1500, 74, 'Santa Monica'),
(1501, 74, 'Sison'),
(1502, 74, 'Socorro'),
(1503, 74, 'Tagana-an'),
(1504, 74, 'Tubod'),
(1505, 75, 'Bislig'),
(1506, 75, 'Tandag'),
(1507, 75, 'Barobo'),
(1508, 75, 'Bayabas'),
(1509, 75, 'Cagwait'),
(1510, 75, 'Cantilan'),
(1511, 75, 'Carmen'),
(1512, 75, 'Carrascal'),
(1513, 75, 'Cortes'),
(1514, 75, 'Hinatuan'),
(1515, 75, 'Lanuza'),
(1516, 75, 'Lianga'),
(1517, 75, 'Lingig'),
(1518, 75, 'Madrid'),
(1519, 75, 'Marihatag'),
(1520, 75, 'San Agustin'),
(1521, 75, 'San Miguel'),
(1522, 75, 'Tagbina'),
(1523, 75, 'Tago'),
(1524, 76, 'Tarlac City'),
(1525, 76, 'Anao'),
(1526, 76, 'Bamban'),
(1527, 76, 'Camiling'),
(1528, 76, 'Capas'),
(1529, 76, 'Concepcion'),
(1530, 76, 'Gerona'),
(1531, 76, 'La Paz'),
(1532, 76, 'Mayantoc'),
(1533, 76, 'Moncada'),
(1534, 76, 'Paniqui'),
(1535, 76, 'Pura'),
(1536, 76, 'Ramos'),
(1537, 76, 'San Clemente'),
(1538, 76, 'San Jose'),
(1539, 76, 'San Manuel'),
(1540, 76, 'Santa Ignacia'),
(1541, 76, 'Victoria'),
(1542, 77, 'Bongao'),
(1543, 77, 'Languyan'),
(1544, 77, 'Mapun'),
(1545, 77, 'Panglima Sugala'),
(1546, 77, 'Sapa-Sapa'),
(1547, 77, 'Sibutu'),
(1548, 77, 'Simunul'),
(1549, 77, 'Sitangkai'),
(1550, 77, 'South Ubian'),
(1551, 77, 'Tandubas'),
(1552, 77, 'Turtle Islands'),
(1553, 78, 'Olongapo'),
(1554, 78, 'Botolan'),
(1555, 78, 'Cabangan'),
(1556, 78, 'Candelaria'),
(1557, 78, 'Castillejos'),
(1558, 78, 'Iba'),
(1559, 78, 'Masinloc'),
(1560, 78, 'Palauig'),
(1561, 78, 'San Antonio'),
(1562, 78, 'San Felipe'),
(1563, 78, 'San Marcelino'),
(1564, 78, 'San Narciso'),
(1565, 78, 'Santa Cruz'),
(1566, 78, 'Subic'),
(1567, 79, 'Dapitan'),
(1568, 79, 'Dipolog'),
(1569, 79, 'Baliguian'),
(1570, 79, 'Godod'),
(1571, 79, 'Gutalac'),
(1572, 79, 'Jose Dalman'),
(1573, 79, 'Kalawit'),
(1574, 79, 'Katipunan'),
(1575, 79, 'La Libertad'),
(1576, 79, 'Labason'),
(1577, 79, 'Leon B. Postigo'),
(1578, 79, 'Liloy'),
(1579, 79, 'Manukan'),
(1580, 79, 'Mutia'),
(1581, 79, 'Piñan'),
(1582, 79, 'Polanco'),
(1583, 79, 'President Manuel A. Roxas'),
(1584, 79, 'Rizal'),
(1585, 79, 'Salug'),
(1586, 79, 'Sergio Osmeña Sr.'),
(1587, 79, 'Siayan'),
(1588, 79, 'Sibuco'),
(1589, 79, 'Sibutad'),
(1590, 79, 'Sindangan'),
(1591, 79, 'Siocon'),
(1592, 79, 'Sirawai'),
(1593, 79, 'Tampilisan'),
(1594, 80, 'Zamboanga City'),
(1595, 80, 'Pagadian'),
(1596, 80, 'Aurora'),
(1597, 80, 'Bayog'),
(1598, 80, 'Dimataling'),
(1599, 80, 'Dinas'),
(1600, 80, 'Dumalinao'),
(1601, 80, 'Dumingag'),
(1602, 80, 'Guipos'),
(1603, 80, 'Josefina'),
(1604, 80, 'Kumalarang'),
(1605, 80, 'Labangan'),
(1606, 80, 'Lakewood'),
(1607, 80, 'Lapuyan'),
(1608, 80, 'Mahayag'),
(1609, 80, 'Margosatubig'),
(1610, 80, 'Midsalip'),
(1611, 80, 'Molave'),
(1612, 80, 'Pitogo'),
(1613, 80, 'Ramon Magsaysay'),
(1614, 80, 'San Miguel'),
(1615, 80, 'San Pablo'),
(1616, 80, 'Sominot'),
(1617, 80, 'Tabina'),
(1618, 80, 'Tambulig'),
(1619, 80, 'Tigbao'),
(1620, 80, 'Tukuran'),
(1621, 80, 'Vincenzo A. Sagun'),
(1623, 81, 'Alicia'),
(1624, 81, 'Buug'),
(1625, 81, 'Diplahan'),
(1626, 81, 'Imelda'),
(1627, 81, 'Ipil'),
(1628, 81, 'Kabasalan'),
(1629, 81, 'Mabuhay'),
(1630, 81, 'Malangas'),
(1631, 81, 'Naga'),
(1632, 81, 'Olutanga'),
(1633, 81, 'Payao'),
(1634, 81, 'Roseller Lim'),
(1635, 81, 'Siay'),
(1636, 81, 'Talusan'),
(1637, 81, 'Titay'),
(1638, 81, 'Tungawan');

-- --------------------------------------------------------

--
-- Table structure for table `ci_sessions`
--

CREATE TABLE IF NOT EXISTS `ci_sessions` (
  `id` varchar(128) NOT NULL,
  `ip_address` varchar(45) NOT NULL,
  `timestamp` int(10) unsigned NOT NULL DEFAULT '0',
  `data` blob NOT NULL,
  KEY `ci_sessions_timestamp` (`timestamp`)
) ENGINE=InnoDB DEFAULT CHARSET=utf8;

-- --------------------------------------------------------

--
-- Table structure for table `conversations`
--

CREATE TABLE IF NOT EXISTS `conversations` (
  `conversation_id` int(11) NOT NULL AUTO_INCREMENT,
  `user_id` int(11) NOT NULL,
  `messenger_id` int(11) NOT NULL,
  `message` varchar(2000) NOT NULL,
  `type` varchar(20) NOT NULL,
  `message_date` datetime NOT NULL,
  `is_seen` tinyint(1) NOT NULL,
  PRIMARY KEY (`conversation_id`)
) ENGINE=InnoDB  DEFAULT CHARSET=utf8 AUTO_INCREMENT=29 ;

--
-- Dumping data for table `conversations`
--

INSERT INTO `conversations` (`conversation_id`, `user_id`, `messenger_id`, `message`, `type`, `message_date`, `is_seen`) VALUES
(1, 1, 1, 'Hello', 'messenger', '2017-03-25 00:36:55', 1),
(2, 1, 1, 'How are you?', 'messenger', '2017-03-25 00:56:44', 1),
(3, 1, 1, 'Hope to hear from you soon. XD', 'messenger', '2017-03-25 01:11:23', 1),
(4, 1, 1, 'Hi ^_^', 'seller', '2017-03-25 01:43:50', 1),
(5, 1, 1, 'Is the book still available?', 'messenger', '2017-03-25 01:49:51', 1),
(6, 1, 1, 'hmmm what book are you talking about?', 'seller', '2017-03-25 01:50:44', 1),
(7, 1, 1, 'The hunger games XD', 'messenger', '2017-03-25 01:59:09', 1),
(8, 1, 2, 'Hello', 'messenger', '2017-03-25 02:17:15', 1),
(9, 1, 1, 'Yes it is', 'seller', '2017-03-25 02:19:10', 1),
(10, 1, 2, 'Hi', 'seller', '2017-03-25 02:19:32', 1),
(11, 1, 2, 'what do you want from me?', 'seller', '2017-03-25 02:22:38', 1),
(12, 1, 2, 'I want your book', 'messenger', '2017-03-25 03:22:33', 1),
(13, 1, 2, 'can i?', 'messenger', '2017-03-25 03:25:06', 1),
(14, 1, 1, 'yow', 'seller', '2017-03-25 03:45:56', 1),
(15, 1, 1, 'Hey?', 'messenger', '2017-03-25 03:48:21', 1),
(16, 1, 1, 'So how much?', 'messenger', '2017-03-25 03:52:02', 1),
(17, 1, 1, 'Can I get some discount?', 'messenger', '2017-03-25 03:52:16', 1),
(18, 1, 2, 'Sure why noy.', 'seller', '2017-03-25 08:33:01', 1),
(19, 1, 1, 'It depends', 'seller', '2017-03-25 08:33:20', 0),
(20, 3, 3, 'Hello', 'messenger', '2017-03-25 09:45:29', 1),
(21, 3, 3, 'Sino ka? ', 'seller', '2017-03-25 09:46:13', 1),
(22, 3, 3, 'Meet up po koya? ', 'seller', '2017-03-25 10:40:28', 1),
(23, 3, 3, 'Saan po?', 'messenger', '2017-03-25 11:00:05', 1),
(24, 3, 4, 'hi sir! gusto ko pong bilhin yung libro nyo.', 'messenger', '2017-03-25 11:00:59', 1),
(25, 3, 4, 'Duron', 'seller', '2017-03-25 11:02:09', 1),
(26, 3, 4, 'Bagsak ka', 'seller', '2017-03-25 11:02:14', 1),
(27, 1, 5, 'hi i want to buy your book', 'messenger', '2017-03-25 12:19:20', 1),
(28, 1, 5, 'hgJDHDAF', 'seller', '2017-03-25 12:20:14', 1);

-- --------------------------------------------------------

--
-- Table structure for table `donors`
--

CREATE TABLE IF NOT EXISTS `donors` (
  `id` int(11) NOT NULL AUTO_INCREMENT,
  `name` varchar(50) NOT NULL,
  `email` varchar(50) NOT NULL,
  `contact` varchar(20) NOT NULL,
  `message` varchar(3000) NOT NULL,
  `date_sent` datetime NOT NULL,
  PRIMARY KEY (`id`)
) ENGINE=InnoDB  DEFAULT CHARSET=utf8 AUTO_INCREMENT=7 ;

--
-- Dumping data for table `donors`
--

INSERT INTO `donors` (`id`, `name`, `email`, `contact`, `message`, `date_sent`) VALUES
(1, 'Patrick Dale Rugayan', 'pdale.rugayan@gmail.com', '09472199299', 'I have some old books here, how can I get this books to you? Thank You', '2017-03-22 08:04:43'),
(2, 'Franz Henschel Esguerra', 'fhesguerra08@gmail.com', '09065191964', 'For the future', '2017-03-22 08:26:30'),
(3, 'johnpadillo', 'johnrafaelpadillo@yahoo.com', '09051480436', 'I hope this will help to others :) ', '2017-03-22 08:26:34'),
(4, 'Anonymous', 'dalerugs.coc@gmail.com', '09782635132', 'I have some books here. Hope to hear from you soon', '2017-03-22 08:27:24'),
(5, 'Franz Henschel Esguerra', 'fhesguerra08@gmail.com', '09065191962', 'hi ! I have some books that I don''t need. I would like to share it.', '2017-03-25 11:12:57'),
(6, 'FRANZ HENSCHEL M. ESGUERRRA', 'fhesguerra08@gmail.com', '09-065191962', 'hafksafjsfjhalkf', '2017-03-25 12:28:00');

-- --------------------------------------------------------

--
-- Table structure for table `genres`
--

CREATE TABLE IF NOT EXISTS `genres` (
  `cat_id` int(11) NOT NULL AUTO_INCREMENT,
  `genre` varchar(50) NOT NULL,
  PRIMARY KEY (`cat_id`)
) ENGINE=InnoDB  DEFAULT CHARSET=utf8 AUTO_INCREMENT=56 ;

--
-- Dumping data for table `genres`
--

INSERT INTO `genres` (`cat_id`, `genre`) VALUES
(1, 'Science Fiction'),
(2, 'Satire'),
(3, 'Drama'),
(4, 'Action and Adventure'),
(5, 'Romance'),
(6, 'Mystery'),
(7, 'Horror'),
(8, 'Self Help'),
(9, 'Health'),
(10, 'Guide'),
(11, 'Travel'),
(12, 'Childrens'),
(13, 'Religion, Spirituality & New Age'),
(14, 'Science'),
(15, 'History'),
(16, 'Math'),
(17, 'Anthology'),
(18, 'Poetry'),
(19, 'Encyclopedias'),
(20, 'Dictionaries'),
(21, 'Comics'),
(22, 'Art'),
(23, 'Cookbooks'),
(24, 'Diaries'),
(25, 'Journals'),
(26, 'Prayer books'),
(27, 'Series'),
(28, 'Trilogy'),
(29, 'Biographies'),
(30, 'Autobiographies'),
(31, 'Fantasy'),
(32, 'Novel'),
(33, 'History Fiction'),
(34, 'Manga'),
(35, 'Music'),
(36, 'Sports'),
(37, 'Classics'),
(38, 'Chick Lit'),
(39, 'Crime'),
(40, 'Politics'),
(41, 'Business'),
(42, 'Christian'),
(43, 'Contemporary'),
(44, 'Fiction'),
(45, 'Gay and Lesbian'),
(46, 'Thriller'),
(47, 'Suspense '),
(48, 'Comedy and Humor'),
(49, 'Memoir'),
(50, 'Non-fiction'),
(51, 'Paranormal'),
(52, 'Philosophy'),
(53, 'Psychology'),
(54, 'Young Adult'),
(55, 'Collectors Item');

-- --------------------------------------------------------

--
-- Table structure for table `home_address`
--

CREATE TABLE IF NOT EXISTS `home_address` (
  `address_id` int(10) unsigned NOT NULL AUTO_INCREMENT,
  `user_id` int(10) unsigned NOT NULL,
  `street_name` varchar(50) NOT NULL,
  `city_area` varchar(50) NOT NULL,
  `city` varchar(50) NOT NULL,
  `country` varchar(50) NOT NULL,
  `house_number` varchar(20) NOT NULL,
  PRIMARY KEY (`address_id`)
) ENGINE=InnoDB  DEFAULT CHARSET=utf8 AUTO_INCREMENT=8 ;

--
-- Dumping data for table `home_address`
--

INSERT INTO `home_address` (`address_id`, `user_id`, `street_name`, `city_area`, `city`, `country`, `house_number`) VALUES
(1, 1, '', 'Caloocan City', 'Metro Manila', '', ''),
(2, 2, '', 'Pasay City', 'Metro Manila', '', ''),
(3, 3, '', 'Silang', 'Cavite', '', ''),
(4, 4, '', 'Las Piñas City', 'Metro Manila', '', ''),
(5, 5, '', 'Manila City', 'Metro Manila', '', ''),
(6, 6, '', 'Carmona', 'Cavite', '', ''),
(7, 7, '', 'Carmona', 'Cavite', '', '');

-- --------------------------------------------------------

--
-- Table structure for table `messengers`
--

CREATE TABLE IF NOT EXISTS `messengers` (
  `messenger_id` int(11) NOT NULL AUTO_INCREMENT,
  `user_id` int(11) NOT NULL,
  `name` varchar(100) NOT NULL,
  `contact_no` varchar(50) NOT NULL,
  `email` varchar(50) NOT NULL,
  `token` varchar(35) NOT NULL,
  `seller_name` varchar(100) NOT NULL,
  `last_modified` datetime NOT NULL,
  PRIMARY KEY (`messenger_id`)
) ENGINE=InnoDB  DEFAULT CHARSET=utf8 AUTO_INCREMENT=6 ;

--
-- Dumping data for table `messengers`
--

INSERT INTO `messengers` (`messenger_id`, `user_id`, `name`, `contact_no`, `email`, `token`, `seller_name`, `last_modified`) VALUES
(1, 1, 'Isla Ashes', '09826735621', 'pdale.rugayan@gmail.com', '7mjq6gp41f9e70cuh4i57avj8f1pw12v', 'Patrick Dale Rugayan', '2017-03-25 08:33:20'),
(2, 1, 'Wilcon Kevler', '09472199299', 'dalerugs.coc@gmail.com', 'huv4mmnz0ptwuzdhvsrt9xzirtgnl86t', 'Patrick Dale Rugayan', '2017-03-25 08:33:01'),
(3, 3, 'Patrick Dale Rugayan', '09472199299', 'pdale.rugayan@gmail.com', 'usz006vzkh0knxaot70u7l1zcrqmdywo', 'John  Padillo', '2017-03-25 11:00:05'),
(4, 3, 'Franz Henschel Esguerra', '09065191962', 'fhesguerra08@gmail.com', 'gjm4llr5qq1z1tg8a5g0nm0vwjmx7q7r', 'John  Padillo', '2017-03-25 11:02:14'),
(5, 1, 'franz henschel m. esguerra', '09065191962', 'fhesguerra08@gmail.com', 'roa55g30fdkw1kynylxmnkpn3321r85p', 'Patrick Dale Rugayan', '2017-03-25 12:20:14');

-- --------------------------------------------------------

--
-- Table structure for table `notifications`
--

CREATE TABLE IF NOT EXISTS `notifications` (
  `notif_id` int(11) NOT NULL AUTO_INCREMENT,
  `user_id` int(11) NOT NULL,
  `book_id` int(11) NOT NULL,
  `description` varchar(500) NOT NULL,
  `is_seen` tinyint(1) NOT NULL,
  `token` varchar(35) NOT NULL,
  `type` varchar(10) NOT NULL,
  `notif_date` datetime NOT NULL,
  `photo` varchar(100) NOT NULL,
  `name` varchar(100) NOT NULL,
  `title` varchar(100) NOT NULL,
  PRIMARY KEY (`notif_id`)
) ENGINE=InnoDB  DEFAULT CHARSET=utf8 AUTO_INCREMENT=20 ;

--
-- Dumping data for table `notifications`
--

INSERT INTO `notifications` (`notif_id`, `user_id`, `book_id`, `description`, `is_seen`, `token`, `type`, `notif_date`, `photo`, `name`, `title`) VALUES
(1, 1, 6, 'replied to a post on your book', 1, '', 'comment', '2017-03-24 01:58:50', 'http://bookcity.com/./uploads/a2553358d1bc6732bf0.jpg', 'Anonymous', 'Married with Zombies (Living With the Dead #1)'),
(2, 1, 6, 'posted a comment/review on your book', 1, '', 'comment', '2017-03-24 01:59:23', 'http://bookcity.com/./uploads/a2553358d1bc6732bf0.jpg', 'Anonymous', 'Married with Zombies (Living With the Dead #1)'),
(3, 1, 2, 'replied to a post on your book', 1, '', 'comment', '2017-03-24 02:12:59', 'http://bookcity.com/./uploads/a1546758d1b9d06c7a6.jpg', 'Unknown', 'Harry Potter (Full Set)'),
(4, 1, 2, 'bid Php 500 to your book', 1, '', 'bidding', '2017-03-24 02:48:16', 'http://bookcity.com/./uploads/a1546758d1b9d06c7a6.jpg', 'Rodrigo Duterte', 'Harry Potter (Full Set)'),
(5, 1, 2, 'bid Php 550 to your book', 1, '', 'bidding', '2017-03-24 02:48:37', 'http://bookcity.com/./uploads/a1546758d1b9d06c7a6.jpg', 'Rodrigo Duterte', 'Harry Potter (Full Set)'),
(6, 1, 2, 'bid Php 600 to your book', 1, '', 'bidding', '2017-03-24 03:03:26', 'http://bookcity.com/./uploads/a1546758d1b9d06c7a6.jpg', 'Rodrigo Duterte', 'Harry Potter (Full Set)'),
(7, 1, 7, 'posted a comment/review on your book', 1, '', 'comment', '2017-03-24 03:08:27', 'http://bookcity.com/./uploads/a304258d1bd7e7aad8.jpg', 'Kevler Wat', 'The Fault in Our Stars'),
(8, 2, 3, 'posted a comment/review on your book', 1, '', 'comment', '2017-03-24 08:54:56', 'http://bookcity.com/./uploads/a1814958d1ba043fe71.jpg', 'Anonymous', 'One Part Plant: 100 Meals for a Whole New You'),
(9, 1, 5, 'posted a comment/review on your book', 1, '', 'comment', '2017-03-24 08:56:11', 'http://bookcity.com/./uploads/a2957458d1bbd1ea1e9.jpg', 'Anna Ashes', 'The Hunger Games (The Hunger Games #1)'),
(10, 1, 2, 'replied to a post on your book', 1, '', 'comment', '2017-03-24 09:21:02', 'http://bookcity.com/./uploads/a1546758d1b9d06c7a6.jpg', 'Anonymous', 'Harry Potter (Full Set)'),
(11, 2, 3, 'posted a comment/review on your book', 1, '', 'comment', '2017-03-24 14:09:46', 'http://bookcity.com/./uploads/a1814958d1ba043fe71.jpg', 'Mr. Duron', 'One Part Plant: 100 Meals for a Whole New You'),
(12, 3, 11, 'posted a comment/review on your book', 1, '', 'comment', '2017-03-24 14:30:19', 'http://192.168.43.96/./uploads/a2660258d1c569ce567.jpg', 'Patrick Dale Rugayan', 'Arthur and Sherlock '),
(13, 1, 2, 'bid Php 650 to your book', 1, '', 'bidding', '2017-03-24 15:56:02', 'http://192.168.43.96/./uploads/a1546758d1b9d06c7a6.jpg', 'Rodrigo Duterte', 'Harry Potter (Full Set)'),
(14, 1, 5, 'posted a comment/review on your book', 1, '', 'comment', '2017-03-25 02:48:32', 'http://bookcity.com/./uploads/a2957458d1bbd1ea1e9.jpg', 'Anonymous', 'The Hunger Games (The Hunger Games #1)'),
(15, 2, 14, 'bid Php 400 to your book', 1, '', 'bidding', '2017-03-25 11:19:32', 'http://192.168.43.96/./uploads/a262458d5de3e8c004.jpg', 'Patrick', 'Marley and Me: Life and Love With the World''s Worst Dog'),
(16, 2, 14, 'bid Php 650 to your book', 1, '', 'bidding', '2017-03-25 11:19:45', 'http://192.168.43.96/./uploads/a262458d5de3e8c004.jpg', 'Patrick', 'Marley and Me: Life and Love With the World''s Worst Dog'),
(17, 1, 2, 'bid Php 500 to your book', 1, '', 'bidding', '2017-03-25 12:06:39', 'http://bookcity.com/./uploads/a1546758d1b9d06c7a6.jpg', 'Rodrigo Duterte', 'Harry Potter (Full Set)'),
(18, 1, 2, 'bid Php 550 to your book', 0, '', 'bidding', '2017-03-25 12:10:41', 'http://bookcity.com/./uploads/a1546758d1b9d06c7a6.jpg', 'Rodrigo Duterte', 'Harry Potter (Full Set)'),
(19, 1, 2, 'bid Php 600 to your book', 0, '', 'bidding', '2017-03-25 12:11:10', 'http://bookcity.com/./uploads/a1546758d1b9d06c7a6.jpg', 'Rodrigo Duterte', 'Harry Potter (Full Set)');

-- --------------------------------------------------------

--
-- Table structure for table `practice`
--

CREATE TABLE IF NOT EXISTS `practice` (
  `Title` varchar(50) NOT NULL
) ENGINE=InnoDB DEFAULT CHARSET=utf8;

-- --------------------------------------------------------

--
-- Table structure for table `province`
--

CREATE TABLE IF NOT EXISTS `province` (
  `province_id` int(10) unsigned NOT NULL AUTO_INCREMENT,
  `province` varchar(50) NOT NULL,
  PRIMARY KEY (`province_id`)
) ENGINE=InnoDB  DEFAULT CHARSET=utf8 AUTO_INCREMENT=82 ;

--
-- Dumping data for table `province`
--

INSERT INTO `province` (`province_id`, `province`) VALUES
(1, 'Abra'),
(2, 'Agusan del Norte'),
(3, ' Agusan del Sur '),
(4, 'Aklan'),
(5, 'Albay'),
(6, 'Antique'),
(7, 'Apayao'),
(8, 'Aurora'),
(9, 'Basilan'),
(10, 'Bataan'),
(11, 'Batanes'),
(12, 'Batangas'),
(13, 'Benguet'),
(14, 'Biliran'),
(15, 'Bohol'),
(16, 'Bukidnon'),
(17, 'Bulacan'),
(18, 'Cagayan'),
(19, 'Camarines Norte'),
(20, 'Camarines Sur'),
(21, 'Camiguin'),
(22, 'Capiz'),
(23, 'Catanduanes'),
(24, 'Cavite'),
(25, 'Cebu'),
(26, 'Compostela Valley'),
(27, 'Cotabato'),
(28, 'Davao del Norte'),
(29, 'Davao del Sur'),
(30, 'Davao Occidental'),
(31, 'Davao Oriental'),
(32, 'Dinagat Islands'),
(33, 'Eastern Samar '),
(34, 'Guimaras'),
(35, 'Ifugao'),
(36, 'Ilocos Norte'),
(37, 'Ilocos Sur'),
(38, 'Iloilo'),
(39, 'Isabela'),
(40, 'Kalinga'),
(41, 'La Union'),
(42, 'Laguna'),
(43, 'Lanao del Norte'),
(44, 'Lanao del Sur'),
(45, 'Leyte'),
(46, 'Maguindanao'),
(47, 'Marinduque'),
(48, 'Masbate'),
(49, 'Metro Manila'),
(50, 'Misamis Occidental'),
(51, 'Misamis Oriental'),
(52, 'Mountain Province'),
(53, 'Negros Occidental'),
(54, 'Negros Oriental'),
(55, 'Northern Samar'),
(56, 'Nueva Ecija'),
(57, 'Occidental Mindoro'),
(58, 'Oriental Mindoro'),
(59, 'Palawan'),
(60, 'Pampanga'),
(61, 'Pangasinan'),
(62, 'Quezon'),
(63, 'Quirino'),
(64, 'Rizal'),
(65, 'Romblon'),
(66, 'Samar'),
(67, 'Sarangani'),
(68, 'Siquijor'),
(69, 'Sorsogon'),
(70, 'South Cotabato'),
(71, 'Southern Leyte'),
(72, 'Sultan Kudarat'),
(73, 'Sulu'),
(74, 'Surigao del Norte'),
(75, 'Surigao del Sur'),
(76, 'Tarlac'),
(77, 'Tawi-Tawi'),
(78, 'Zambales'),
(79, 'Zamboanga del Norte'),
(80, 'Zamboanga del Sur'),
(81, 'Zamboanga Sibugay');

-- --------------------------------------------------------

--
-- Table structure for table `ratings`
--

CREATE TABLE IF NOT EXISTS `ratings` (
  `rating_id` int(11) NOT NULL AUTO_INCREMENT,
  `user_id` int(11) NOT NULL,
  `rating` int(11) NOT NULL,
  PRIMARY KEY (`rating_id`)
) ENGINE=InnoDB  DEFAULT CHARSET=utf8 AUTO_INCREMENT=9 ;

--
-- Dumping data for table `ratings`
--

INSERT INTO `ratings` (`rating_id`, `user_id`, `rating`) VALUES
(1, 2, 5),
(2, 2, 4),
(3, 3, 4),
(4, 1, 5),
(5, 1, 4),
(6, 2, 1),
(7, 1, 1),
(8, 2, 5);

-- --------------------------------------------------------

--
-- Table structure for table `replies`
--

CREATE TABLE IF NOT EXISTS `replies` (
  `reply_id` int(10) unsigned NOT NULL AUTO_INCREMENT,
  `review_id` int(10) unsigned NOT NULL,
  `Name` varchar(50) NOT NULL,
  `reply` varchar(2000) NOT NULL,
  `created_date` datetime NOT NULL,
  PRIMARY KEY (`reply_id`)
) ENGINE=InnoDB  DEFAULT CHARSET=utf8 AUTO_INCREMENT=9 ;

--
-- Dumping data for table `replies`
--

INSERT INTO `replies` (`reply_id`, `review_id`, `Name`, `reply`, `created_date`) VALUES
(1, 3, 'Anonymous', 'When are you gonna close this book?', '2017-03-24 01:06:31'),
(2, 3, 'Patrick Dale Rugayan (Auctioneer)', 'it depends upon the situation XD', '2017-03-24 01:08:39'),
(3, 3, 'Anonymous', 'Thanks ^_^', '2017-03-24 01:20:19'),
(4, 2, 'Anonymous', 'WOW ^_^', '2017-03-24 01:58:50'),
(5, 3, 'Unknown', 'Beat me if you can.', '2017-03-24 02:12:59'),
(6, 9, 'Patrick Dale Rugayan (Auctioneer)', 'Yes, this is still available, PM me for more information. You can see my contact details above. Thanks XD', '2017-03-24 03:10:17'),
(7, 3, 'Anonymous', 'HAHAHA', '2017-03-24 09:21:03'),
(8, 3, 'Patrick Dale Rugayan (Auctioneer)', 'hi ', '2017-03-25 11:55:13');

-- --------------------------------------------------------

--
-- Table structure for table `reports`
--

CREATE TABLE IF NOT EXISTS `reports` (
  `report_id` int(11) NOT NULL AUTO_INCREMENT,
  `user_id` int(11) NOT NULL,
  `reason` varchar(500) NOT NULL,
  `other` varchar(500) NOT NULL,
  `report_date` datetime NOT NULL,
  PRIMARY KEY (`report_id`)
) ENGINE=InnoDB  DEFAULT CHARSET=utf8 AUTO_INCREMENT=6 ;

--
-- Dumping data for table `reports`
--

INSERT INTO `reports` (`report_id`, `user_id`, `reason`, `other`, `report_date`) VALUES
(1, 2, 'Others', 'Wala akong natanggap na libro', '2017-03-24 15:01:41'),
(2, 3, 'Others', 'Scummer', '2017-03-24 15:02:06'),
(3, 2, 'Others', 'Scummer', '2017-03-24 15:03:00'),
(4, 2, 'Order(s) never arrived at given handling time.', '', '2017-03-24 15:08:30'),
(5, 2, 'Order(s) never arrived at given handling time.', 'Bagsak ka - Duron', '2017-03-24 15:16:54');

-- --------------------------------------------------------

--
-- Table structure for table `report_reasons`
--

CREATE TABLE IF NOT EXISTS `report_reasons` (
  `reason_id` int(11) NOT NULL AUTO_INCREMENT,
  `reason` varchar(200) NOT NULL,
  PRIMARY KEY (`reason_id`)
) ENGINE=InnoDB  DEFAULT CHARSET=utf8 AUTO_INCREMENT=9 ;

--
-- Dumping data for table `report_reasons`
--

INSERT INTO `report_reasons` (`reason_id`, `reason`) VALUES
(1, 'Books not as described as posted'),
(2, 'Order(s) never arrived at given handling time.'),
(3, 'Fraudulent Account'),
(4, 'Overpricing'),
(5, 'They`re sharing inappropriate post. '),
(6, 'Using of offensive or foul words. '),
(7, 'This seller is annoying me. '),
(8, 'Flooding');

-- --------------------------------------------------------

--
-- Table structure for table `reviews`
--

CREATE TABLE IF NOT EXISTS `reviews` (
  `book_id` int(10) unsigned NOT NULL,
  `review_id` int(10) unsigned NOT NULL AUTO_INCREMENT,
  `Name` varchar(50) NOT NULL,
  `review` varchar(2000) NOT NULL,
  `created_date` datetime NOT NULL,
  PRIMARY KEY (`review_id`)
) ENGINE=InnoDB  DEFAULT CHARSET=utf8 AUTO_INCREMENT=15 ;

--
-- Dumping data for table `reviews`
--

INSERT INTO `reviews` (`book_id`, `review_id`, `Name`, `review`, `created_date`) VALUES
(8, 1, 'Patrick Dale Rugayan', 'May nanalo na', '2017-03-22 08:05:44'),
(6, 2, 'John  Padillo (Seller)', 'This is one of my favorite book. ', '2017-03-22 08:11:03'),
(2, 3, 'Patrick Dale Rugayan (Auctioneer)', 'Bidding is now open', '2017-03-24 00:43:44'),
(2, 4, 'Anonymous', 'Hello', '2017-03-24 01:01:53'),
(2, 5, 'Unknown', 'Hi', '2017-03-24 01:02:22'),
(3, 6, 'Patrick Dale Rugayan (Auctioneer)', 'Is this book still available?', '2017-03-24 01:21:31'),
(11, 7, 'Anonymous', 'Hello', '2017-03-24 01:56:51'),
(6, 8, 'Anonymous', 'Hello ^_^', '2017-03-24 01:59:23'),
(7, 9, 'Kevler Wat', 'I want this book, is this still available? Hope to hear from you soon. Thanks ^_^', '2017-03-24 03:08:27'),
(3, 10, 'Anonymous', 'Scummer to, wag kayong maniwala dito', '2017-03-24 08:54:56'),
(5, 11, 'Anna Ashes', 'I hope I can buy this book :(', '2017-03-24 08:56:11'),
(3, 12, 'Mr. Duron', 'Bagsak ka', '2017-03-24 14:09:46'),
(11, 13, 'Patrick Dale Rugayan (Seller)', 'Pabili yelo', '2017-03-24 14:30:19'),
(5, 14, 'Anonymous', 'This is good', '2017-03-25 02:48:32');

-- --------------------------------------------------------

--
-- Table structure for table `sell_details`
--

CREATE TABLE IF NOT EXISTS `sell_details` (
  `sell_id` int(10) unsigned NOT NULL AUTO_INCREMENT,
  `book_id` int(10) unsigned NOT NULL,
  `price` float NOT NULL,
  `discount` float NOT NULL,
  `inactive` tinyint(1) NOT NULL,
  `user_id` int(11) NOT NULL,
  PRIMARY KEY (`sell_id`)
) ENGINE=InnoDB  DEFAULT CHARSET=utf8 AUTO_INCREMENT=16 ;

--
-- Dumping data for table `sell_details`
--

INSERT INTO `sell_details` (`sell_id`, `book_id`, `price`, `discount`, `inactive`, `user_id`) VALUES
(1, 1, 400, 0, 1, 2),
(2, 2, 500, 0, 1, 1),
(3, 3, 0, 0, 1, 2),
(4, 4, 500, 0, 0, 3),
(5, 5, 500, 20, 0, 1),
(6, 6, 700, 10, 1, 1),
(7, 7, 0, 0, 1, 1),
(8, 8, 0, 0, 1, 3),
(9, 9, 450, 0, 1, 2),
(10, 10, 750, 0, 0, 3),
(11, 11, 800, 5, 0, 3),
(12, 12, 1500, 5, 0, 3),
(13, 13, 800, 15, 0, 3),
(14, 14, 0, 0, 1, 2),
(15, 15, 0, 0, 1, 7);

-- --------------------------------------------------------

--
-- Table structure for table `users`
--

CREATE TABLE IF NOT EXISTS `users` (
  `user_id` int(10) unsigned NOT NULL AUTO_INCREMENT,
  `first_name` varchar(50) NOT NULL,
  `last_name` varchar(50) NOT NULL,
  `email_address` varchar(50) CHARACTER SET utf8 COLLATE utf8_bin NOT NULL,
  `username` varchar(50) CHARACTER SET utf8 COLLATE utf8_bin NOT NULL,
  `password` varchar(100) CHARACTER SET utf8 COLLATE utf8_bin NOT NULL,
  `birth_date` date DEFAULT NULL,
  `sex` varchar(10) DEFAULT NULL,
  `contact_number` varchar(20) NOT NULL,
  `rating` float NOT NULL,
  `change_password` tinyint(1) NOT NULL,
  `inactive` tinyint(1) NOT NULL,
  `is_confirmed` tinyint(1) NOT NULL,
  `reports` int(11) NOT NULL,
  `token` varchar(35) NOT NULL,
  `notification` int(11) NOT NULL,
  PRIMARY KEY (`user_id`)
) ENGINE=InnoDB  DEFAULT CHARSET=utf8 AUTO_INCREMENT=8 ;

--
-- Dumping data for table `users`
--

INSERT INTO `users` (`user_id`, `first_name`, `last_name`, `email_address`, `username`, `password`, `birth_date`, `sex`, `contact_number`, `rating`, `change_password`, `inactive`, `is_confirmed`, `reports`, `token`, `notification`) VALUES
(1, 'Patrick Dale', 'Rugayan', 'pdale.rugayan@gmail.com', 'dalerugs', '29a673ce0a8e68c6cd6b13553bb61539', '1997-12-22', 'Male', '09472199299', 3.33333, 0, 0, 1, 0, '0ynn1c113e0iqsyi2rp0o0mhpsivotpo', 0),
(2, 'Franz Henschel', 'Esguerra', 'fhesguerra08@gmail.com', 'Henschel', 'd5170a3e24af791ba3d674760619fcd9', '1997-12-16', 'Male', '09065191962', 3.75, 0, 0, 1, 4, 'u414b5uwjftw9ag7okpfin1nzbghtye0', 0),
(3, 'John ', 'Padillo', 'johnrafaelpadillo@yahoo.com', 'johnpadillo', 'e10adc3949ba59abbe56e057f20f883e', '1997-08-15', 'Male', '09051480436', 4, 0, 0, 1, 1, '8dttxy805jk6lgafhjebk5dy044zks6f', 0),
(4, 'Shanen', 'Dacles', 'shanen.dacles@gmail.com', 'ShaSha', 'aec834388fd32863ced4b4153fe986d1', '1996-10-14', 'Female', '09098892462', 0, 0, 0, 1, 0, 'gyx6bek2bzr261y84d67vdv2muzd3509', 0),
(5, 'Jazz', 'Lago', 'jazzcifer@gmail.com', 'jazzsteve010', '009920cf081761d0bbd2aaf8c64b54e7', '1997-01-10', 'Male', '09078800852', 0, 1, 0, 0, 0, '20uw83uro6wisf80mejll623odhvd21r', 0),
(7, 'Rossel', 'Galvez', 'galvezrosselou@gmail.com', 'galvezrossel', 'e10adc3949ba59abbe56e057f20f883e', '1998-04-10', 'Female', '09994097924', 0, 0, 0, 1, 0, '7pzwcjemieq2tjs7unxhoz0wx8cwplsg', 0);

/*!40101 SET CHARACTER_SET_CLIENT=@OLD_CHARACTER_SET_CLIENT */;
/*!40101 SET CHARACTER_SET_RESULTS=@OLD_CHARACTER_SET_RESULTS */;
/*!40101 SET COLLATION_CONNECTION=@OLD_COLLATION_CONNECTION */;
